{
	"texture_data": {
		"ec_darkzombieflesh": {
			"textures": [
				"textures/items/darkzombieflesh"
			]
		},
		"ec_darkzonearmor_helmet": {
			"textures": [
				"textures/items/darkzonearmor_helmet"
			]
		},
		"ec_darkzonearmor_chestplate": {
			"textures": [
				"textures/items/darkzonearmor_chestplate"
			]
		},
		"ec_darkzonearmor_leggings": {
			"textures": [
				"textures/items/darkzonearmor_leggings"
			]
		},
		"ec_darkzonearmor_boots": {
			"textures": [
				"textures/items/darkzonearmor_boots"
			]
		},
		"ec_darkzonesword": {
			"textures": "textures/items/darkzonesword"
		},
		"ec_darkzoneore": {
			"textures": "textures/items/darkzoneore"
		}
	}
}