{
	"texture_data": {
		"boom_box_spawn_egg": {
			"textures": ["textures/items/boom_box_spawn_egg"]
		},
		"city_spawn_egg": {
			"textures": ["textures/items/city_spawn_egg"]
		},
		"brewing_stand_city_spawn_egg": {
			"textures": ["textures/blocks/brewing_stand"]
		},
		"enchantment_table_city_spawn_egg": {
			"textures": ["textures/blocks/enchanting_table_side"]
		},
		"dripstone_spike_spawn_egg": {
			"textures": ["textures/items/dripstone_spike_spawn_egg"]
		},
		"forest_spawn_egg": {
			"textures": ["textures/items/forest_spawn_egg"]
		},
		"enchantment_table_spawn_egg": {
			"textures": ["textures/blocks/enchanting_table_side"]
		},
		"wither_spawn_egg": {
			"textures": ["textures/items/wither_spawn_egg"]
		},
		"recommended_spawn_egg": {
			"textures": ["textures/items/recommended_spawn_egg"]
		},
		"skull_charged_spawn_egg": {
			"textures": ["textures/items/skull_charged_spawn_egg"]
		},
		"skull_charging_spawn_egg": {
			"textures": ["textures/items/skull_charging_spawn_egg"]
		},
		"speed_spawn_egg": {
			"textures": ["textures/ui/speed_effect"]
		},
		"upgrade_station_spawn_egg": {
			"textures": ["textures/blocks/anvil_base"]
		},
		"settings_spawn_egg": {
			"textures": ["textures/items/settings_spawn_egg"]
		},
		"outpost_spawn_egg": {
			"textures": ["textures/items/outpost_spawn_egg"]
		},
		"smokebomb_spawn_egg": {
			"textures": ["textures/items/smokebomb_spawn_egg"]
		},
		"support_spawn_egg": {
			"textures": ["textures/items/support_spawn_egg"]
		},
		"offensive_spawn_egg": {
			"textures": ["textures/items/iron_sword"]
		},
		"back_button_spawn_egg": {
			"textures": ["textures/blocks/barrier"]
		},
		"prismarine_spawn_egg": {
			"textures": ["textures/items/trident"]
		},
		"light_blue_spawn_egg": {
			"textures": ["textures/items/arrow"]
		},
		"white_spawn_egg": {
			"textures": ["textures/blocks/ice"]
		},
		"gold_spawn_egg": {
			"textures": ["textures/items/iron_pickaxe"]
		},
		"lime_spawn_egg": {
			"textures": ["textures/items/elytra"]
		},
		"yellow_spawn_egg": {
			"textures": ["textures/items/potion_bottle_moveSpeed"]
		},
		"magenta_spawn_egg": {
			"textures": ["textures/items/glow_berries"]
		},
		"cyan_spawn_egg": {
			"textures": ["textures/items/bow_pulling_2"]
		},
		"maroon_spawn_egg": {
			"textures": ["textures/items/iron_horse_armor"]
		},
		"tan_spawn_egg": {
			"textures": ["textures/blocks/tnt_side"]
		},
		"ender_spawn_egg": {
			"textures": ["textures/items/ender_eye"]
		},
		"light_gray_spawn_egg": {
			"textures": ["textures/items/bow_standby"]
		},
		"green_spawn_egg": {
			"textures": ["textures/items/crossbow_standby"]
		},
		"dandelion_spawn_egg": {
			"textures": ["textures/blocks/flower_dandelion"]
		},
		"black_spawn_egg": {
			"textures": ["textures/items/chainmail_chestplate"]
		},
		"berry_spawn_egg": {
			"textures": ["textures/items/sweet_berries"]
		},
		"purpur_spawn_egg": {
			"textures": ["textures/items/shulker_shell"]
		},
		"orange_spawn_egg": {
			"textures": ["textures/items/apple_golden"]
		},
		"pink_spawn_egg": {
			"textures": ["textures/items/potion_bottle_regeneration"]
		},
		"blue_spawn_egg": {
			"textures": ["textures/items/blue_spawn_egg"]
		},
		"purple_spawn_egg": {
			"textures": ["textures/items/ender_pearl"]
		},
		"copper_spawn_egg": {
			"textures": ["textures/items/iron_axe"]
		},
		"brown_spawn_egg": {
			"textures": ["textures/items/stone_axe"]
		},
		"dripstone_spawn_egg": {
			"textures": ["textures/items/dripstone_spike_spawn_egg"]
		},
		"gray_spawn_egg": {
			"textures": ["textures/blocks/planks_spruce"]
		},
		"red_spawn_egg": {
			"textures": ["textures/items/stone_sword"]
		},
		"mobility_spawn_egg": {
			"textures": ["textures/ui/speed_effect"]
		},
		"defensive_spawn_egg": {
			"textures": ["textures/items/iron_chestplate"]
		},
		"ranged_spawn_egg": {
			"textures": ["textures/items/bow_standby"]
		},
		"melee_spawn_egg": {
			"textures": ["textures/items/iron_sword"]
		},
		"swordlvl1": {
			"textures": ["textures/items/wood_sword"]
		},
		"swordlvl2": {
			"textures": ["textures/items/stone_sword"]
		},
		"swordlvl3": {
			"textures": ["textures/items/iron_sword"]
		},
		"swordlvl4": {
			"textures": ["textures/items/iron_sword_shiny"]
		},
		"swordlvl5": {
			"textures": ["textures/items/iron_sword_flame"]
		},
		"swordlb": {
			"textures": ["textures/items/gold_sword_flame"]
		},
		"armor": {
			"textures": ["textures/items/iron_chestplate"]
		},
		"armor2": {
			"textures": ["textures/ui/empty_armor_slot_leggings"]
		},
		"cloud_block": {
			"textures": ["textures/items/cloud_block"]
		},
		"glow_berries": {
			"textures": ["textures/items/glow_berries"]
		},
		"health_potion": {
			"textures": ["textures/items/potion_bottle_heal"]
		},
		"axelvl1": {
			"textures": ["textures/items/wood_axe"]
		},
		"axelvl2": {
			"textures": ["textures/items/stone_axe"]
		},
		"axelvl3": {
			"textures": ["textures/items/iron_axe"]
		},
		"axelvl4": {
			"textures": ["textures/items/diamond_axe"]
		},
	"armor_shield": {
		"textures": ["textures/items/armor_shield"]
	}
	}
}