{
	"resource_pack_name": "Raid Arena Dev Pack ",
	"texture_name": "atlas.terrain",
	"padding": 8,
	"num_mip_levels": 4,
	"texture_data": {
		"dark_grass_top": {
			"textures": "textures/blocks/dark_grass_top"
        },
        "dark_grass_bottom": {
			"textures": "textures/blocks/dark_grass_bottom"
        },
        "dark_grass_side": {
			"textures": "textures/blocks/dark_grass_side"
        },
		"dark_cobblestone": {
			"textures": "textures/blocks/dark_cobblestone"
        },
		"kitblock_red": {
			"textures": "textures/blocks/kitblock_red"
		},
		"gearblock_red": {
			"textures": "textures/blocks/gearblock_red"
		}
	}
}