{
	"format_version":"1.16.210",
	"minecraft:entity":{
	   "description":{
		  "identifier":"mcxyz:lucky_block",
		  "is_spawnable":true,
		  "is_summonable":true,
		  "is_experimental":false
	   },
	   "components":{
		  "minecraft:collision_box":{
			 "width":1,
			 "height":1
		  },
		  "minecraft:health":{
			 "value":100,
			 "max":100
		  },
		  "minecraft:knockback_resistance":{
			 "value":1
		  },
		  "minecraft:nameable":{
			 
		  },
		  "minecraft:persistent":{
			 
		  },
		  "minecraft:physics":{
			 
		  },
		  "minecraft:pushable":{
			 "is_pushable": false,
			 "is_pushable_by_piston": false
		  }
	   },
       "component_groups":{
            "mcxyz:be_anna":{
                "minecraft:instant_despawn":{}
            }
        },
	   "events":{
		  "mcxyz:be_anna":{
			 "add":{
				"component_groups":[
				   "mcxyz:be_anna"
				]
			 }
		  }
	   }
	}
 }