{
	"format_version": "1.16.200",
	"minecraft:entity": {
	  "description": {
		"identifier": "minecraft:player",
		"is_spawnable": false,
		"is_summonable": false,
		"is_experimental": false
	  },
	  "component_groups": {
		"minecraft:add_bad_omen": {
		  "minecraft:spell_effects": {
			"add_effects": [
			  {
				"effect": "bad_omen",
				"duration": 6000,
				"display_on_screen_animation": true
			  }
			]
		  },
		  "minecraft:timer": {
			"time": [
			  0,
			  0
			],
			"looping": false,
			"time_down_event": {
			  "event": "minecraft:clear_add_bad_omen",
			  "target": "self"
			}
		  }
		},
		"minecraft:clear_bad_omen_spell_effect": {
		  "minecraft:spell_effects": {}
		},
		"minecraft:raid_trigger": {
		  "minecraft:raid_trigger": {
			"triggered_event": {
			  "event": "minecraft:remove_raid_trigger",
			  "target": "self"
			}
		  },
		  "minecraft:spell_effects": {
			"remove_effects": "bad_omen"
		  }
		}
	  },
	  "components": {
		"minecraft:experience_reward": {
		  "on_death": "Math.Min(query.player_level * 7, 100)"
		},
		"minecraft:type_family": {
		  "family": [
			"player"
		  ]
		},
		"minecraft:is_hidden_when_invisible": {},
		"minecraft:loot": {
		  "table": "loot_tables/empty.json"
		},
		"minecraft:collision_box": {
		  "width": 0.6,
		  "height": 1.8
		},
		"minecraft:can_climb": {},
		"minecraft:movement": {
		  "value": 0.1
		},
		"minecraft:hurt_on_condition": {
		  "damage_conditions": [
			{
			  "filters": {
				"test": "in_lava",
				"subject": "self",
				"operator": "==",
				"value": true
			  },
			  "cause": "lava",
			  "damage_per_tick": 4
			}
		  ]
		},
		"minecraft:attack": {
		  "damage": 1
		},
		"minecraft:player.saturation": {
		  "value": 20
		},
		"minecraft:player.exhaustion": {
		  "value": 0,
		  "max": 4
		},
		"minecraft:player.level": {
		  "value": 0,
		  "max": 24791
		},
		"minecraft:player.experience": {
		  "value": 0,
		  "max": 1
		},
		"minecraft:breathable": {
		  "total_supply": 15,
		  "suffocate_time": -1,
		  "inhale_time": 3.75,
		  "generates_bubbles": false
		},
		"minecraft:nameable": {
		  "always_show": true,
		  "allow_name_tag_renaming": false
		},
		"minecraft:physics": {},
		"minecraft:pushable": {
		  "is_pushable": false,
		  "is_pushable_by_piston": true
		},
		"minecraft:insomnia": {
		  "days_until_insomnia": 3
		},
		"minecraft:rideable": {
		  "seat_count": 2,
		  "family_types": [
			"parrot_tame"
		  ],
		  "pull_in_entities": true,
		  "seats": [
			{
			  "position": [
				0.4,
				-0.2,
				-0.1
			  ],
			  "min_rider_count": 0,
			  "max_rider_count": 0,
			  "lock_rider_rotation": 0
			},
			{
			  "position": [
				-0.4,
				-0.2,
				-0.1
			  ],
			  "min_rider_count": 1,
			  "max_rider_count": 2,
			  "lock_rider_rotation": 0
			}
		  ]
		},
		"minecraft:conditional_bandwidth_optimization": {},
		"minecraft:scaffolding_climber": {},
		"minecraft:environment_sensor": {
		  "triggers": {
			"filters": {
			  "all_of": [
				{
				  "test": "has_mob_effect",
				  "subject": "self",
				  "value": "bad_omen"
				},
				{
				  "test": "is_in_village",
				  "subject": "self",
				  "value": true
				}
			  ]
			},
			"event": "minecraft:trigger_raid"
		  }
		},
		"minecraft:on_hurt": {
			"event": "mcxyz:test_damage",
			"target": "self"
		},
		"minecraft:on_death": {
		  "event": "mcxyz:death"
		},
		"minecraft:damage_sensor": {
		  "triggers": [
			{
				"on_damage":{
				   "filters":{
					  "any_of":[
						 {
							"all_of":[
							   { "test":"has_tag", "value":"global_peace" },
							   { "test":"has_tag", "subject":"other", "value":"global_peace" }
							]
						 },
						 {
							"all_of":[
							   { "test":"has_tag", "value":"flagw_blue" },
							   { "test":"has_tag", "subject":"other", "value":"flagw_blue" }
							]
						 },
						 {
							"all_of":[
							   { "test":"has_tag", "value":"flagw_red" },
							   { "test":"has_tag", "subject":"other", "value":"flagw_red" }
							]
						 },
						 {
							"all_of":[
							   { "test":"has_tag", "value":"bw_yellow" },
							   { "test":"has_tag", "subject":"other", "value":"bw_yellow" }
							]
						 },
						 {
							"all_of":[
							   { "test":"has_tag", "value":"bw_blue" },
							   { "test":"has_tag", "subject":"other", "value":"bw_blue" }
							]
						 },
						 {
							"all_of":[
							   { "test":"has_tag", "value":"bw_green" },
							   { "test":"has_tag", "subject":"other", "value":"bw_green" }
							]
						 },
						 {
							"all_of":[
							   { "test":"has_tag", "value":"bw_red" },
							   { "test":"has_tag", "subject":"other", "value":"bw_red" }
							]
						 },
						 {
							"all_of":[
							   { "test":"has_tag", "value":"pvp_team_yellow" },
							   { "test":"has_tag", "subject":"other", "value":"pvp_team_yellow" }
							]
						 },
						 {
							"all_of":[
							   { "test":"has_tag", "value":"pvp_team_blue" },
							   { "test":"has_tag", "subject":"other", "value":"pvp_team_blue" }
							]
						 },
						 {
							"all_of":[
							   { "test":"has_tag", "value":"pvp_team_green" },
							   { "test":"has_tag", "subject":"other", "value":"pvp_team_green" }
							]
						 },
						 {
							"all_of":[
							   { "test":"has_tag", "value":"pvp_team_red" },
							   { "test":"has_tag", "subject":"other", "value":"pvp_team_red" }
							]
						 }
					  ]
				   }
				},
				"deals_damage": false
			 },
			{
			  "on_damage": {
				"filters": {
				  "all_of": [
					{
					  "test": "has_damage",
					  "value": "fatal"
					}
				  ]
				},
				"event": "mcxyz:killer",
				"target": "other"
			  }
			}
		  ]
		}
	  },
	  "events": {
		"minecraft:gain_bad_omen": {
		  "add": {
			"component_groups": [
			  "minecraft:add_bad_omen"
			]
		  }
		},
		"minecraft:clear_add_bad_omen": {
		  "remove": {
			"component_groups": [
			  "minecraft:add_bad_omen"
			]
		  },
		  "add": {
			"component_groups": [
			  "minecraft:clear_bad_omen_spell_effect"
			]
		  }
		},
		"minecraft:trigger_raid": {
		  "add": {
			"component_groups": [
			  "minecraft:raid_trigger"
			]
		  }
		},
		"minecraft:remove_raid_trigger": {
		  "remove": {
			"component_groups": [
			  "minecraft:raid_trigger"
			]
		  }
		},
		"mcxyz:death": {
			"run_command": {
			  "command": [
				  "execute as @s at @s run function zz_death_event/on_death"
			  ]
			}
		  },
		"mcxyz:killer": {
		  "run_command": {
			"command": [
			  "execute as @s at @s run function zz_death_event/on_kill"
			]
		  }
		}
	  }
	}
  }