{
	"format_version": "1.10.0",
	"minecraft:entity": {
		"description": {
			"identifier": "mcxyz:seller",
			"is_spawnable": false,
			"is_summonable": true,
			"is_experimental": false
		},
		"components": {
			"minecraft:nameable": {
				"always_show": true,
                "allow_name_tag_renaming": true
			},
			"minecraft:physics": {
				"has_gravity": true,
				"has_collision": true
			},
			"minecraft:pushable": {
				"is_pushable": false,
				"is_pushable_by_piston": false
			},
			"minecraft:health": {
				"1": 1,
				"value": 99999,
				"max": 100
			},
            "minecraft:damage_sensor": {
                "triggers": {
                    "cause": "all",
                    "deals_damage": false
                }
            },


	

            "minecraft:behavior.look_at_player": {
				"priority": 1,
				"look_distance": 3,
				"probability": 1
			}
		}
	}
}