{
	"format_version": "1.10.0",
	"minecraft:entity": {
		"description": {
			"identifier": "mcxyz:squid_game_solider",
			"is_spawnable": false,
			"is_summonable": true,
			"is_experimental": false
		},
		"component_groups": {},
		"components": {
			"minecraft:type_family": {
				"family": [
					"animal"
				]
			},
			"minecraft:is_hidden_when_invisible": {},
			"minecraft:collision_box": {
				"width": 0.6,
				"height": 1.8
			},
			"minecraft:nameable": {
				"always_show": true,
				"allow_name_tag_renaming": true
			},
			"minecraft:physics": {},
			"minecraft:pushable": {
				"is_pushable": false,
				"is_pushable_by_piston": false
			},
      "minecraft:health": {
        "value": 1,
        "max": 1
      },
      "minecraft:equip_item": {},
			"minecraft:conditional_bandwidth_optimization": {},
			"minecraft:damage_sensor": {
				"triggers": [
					{
						"cause": "all",
						"deals_damage": false
					}
				]
			}
		},
		"events": {}
	}
}