{
	"format_version": "1.10.0",
	"minecraft:entity": {
		"description": {
			"identifier": "mcxyz:wand_fake_entity",
			"is_spawnable": false,
			"is_summonable": true,
			"is_experimental": false
		},
		"component_groups": {},
		"components": {
			"minecraft:type_family": {
				"family": [
					"animal"
				]
			},
			"minecraft:is_hidden_when_invisible": {},
			"minecraft:collision_box": {
				"width": 0.6,
				"height": 1.8
			},
			"minecraft:nameable": {
				"always_show": true,
				"allow_name_tag_renaming": true
			},
			"minecraft:physics": {},
			"minecraft:pushable": {
				"is_pushable": false,
				"is_pushable_by_piston": false
			},
			"minecraft:health": {
				"value": 10,
				"max": 10
			},
			"minecraft:equip_item": {},
			"minecraft:conditional_bandwidth_optimization": {},
			"minecraft:damage_sensor": {
				"triggers": [
					{
						"cause": "all",
						"deals_damage": true
					}
				]
			},
			"minecraft:navigation.walk": {
				"can_path_over_water": true,
				"avoid_water": true,
				"avoid_damage_blocks": true
			},
			"minecraft:movement.basic": {},
			"minecraft:jump.static": {},
			"minecraft:can_climb": {},
			"minecraft:movement": {
				"value": 0.55
			},
			"minecraft:behavior.random_stroll": {
				"priority": 100,
				"speed_multiplier": 0.55,
				"interval": 0
			},
			"minecraft:behavior.look_at_player": {
				"priority": 1,
				"look_distance": 1,
				"probability": 0.02
			},
			"minecraft:behavior.panic": {
				"priority": 3,
				"speed_multiplier": 0.7
			}
		},
		"events": {}
	}
}