{
  "format_version": 2,
  "grass": {
    "isotropic": {
      "up": false,
      "down": false
    },
    "textures": {
      "up": "grass_top",
      "down": "grass_bottom",
      "side": "grass_side"
    },
    "carried_textures": {
      "up": "grass_carried_top",
      "down": "grass_carried_bottom",
      "side": "grass_carried"
    },
    "sound": "grass"
  },
  "grass_path": {
    "isotropic": {
      "up": false,
      "down": false
    },
    "textures": {
      "up": "grass_path_top",
      "down": "dirt",
      "side": "grass_path_side"
    },
    "sound": "grass"
    },
  "leaves2": {
    "isotropic": {
      "up": false,
      "down": false
    },
    "textures": "leaves2",
    "carried_textures": "leaves_carried2",
    "brightness_gamma": 0.80,
    "sound": "grass"
  }
}