{
	"format_version": "1.8.0",
	"minecraft:attachable": {
		"description": {
			"identifier": "armor:pinklegs",
			"materials": {
				"default": "armor",
				"enchanted": "armor_enchanted"
			},
			"textures": {
				"default": "textures/models/armor/pink/PinkLegs"
			},
			"geometry": {
				"default": "geometry.humanoid.armor.leggings"
			},
			"scripts": {
				"parent_setup": "variable.leg_layer_visible = 0.0;"
			},
			"render_controllers": ["controller.render.armor"]
		}
	}
}
