{
  "format_version": "1.12.0",
  "minecraft:geometry": [
    {
      "description": {
        "identifier": "geometry.hud_offhand",
        "texture_width": 16,
        "texture_height": 16,
        "visible_bounds_width": 2,
        "visible_bounds_height": 2.5,
        "visible_bounds_offset": [ 0, 0.75, 0 ]
      },
      "bones": [ { "name": "hud_offhand_slot", "pivot": [0, 0, 0] }, { "name": "hud_offhand", "parent":"hud_offhand_slot", "pivot": [ 0, 0, 0 ], "cubes": [ { "origin": [ -8, -8, 0 ], "size": [ 16, 16, 0 ], "uv": [ 0, 0 ] } ] } ]
    },
    {
      "description": {
        "identifier": "geometry.hud_offhand_shield",
        "texture_width": 64,
        "texture_height": 32,
        "visible_bounds_width": 2,
        "visible_bounds_height": 4.5,
        "visible_bounds_offset": [ 0, -1.75, 0 ]
      },
      "bones": [
        { "name": "hud_offhand_slot", "pivot": [0, 0, 0] },
        {
          "name": "hud_offhand",//hud_offhand_shield
          "parent": "hud_offhand_slot",
          "pivot": [0, 0, 0],
          "cubes": [
            {
              "origin": [-10, -13, 0],
              "size": [14.5, 26.3, 0],
              "uv": {
                "north": {"uv": [1, 0.5], "uv_size": [12, 11]}
              }
            }
          ]
        }
      ]
    },
    {
      "description": {
        "identifier": "geometry.hud_offhand_slot",
        "texture_width": 22,
        "texture_height": 22,
        "visible_bounds_width": 4,
        "visible_bounds_height": 2.5,
        "visible_bounds_offset": [ 0, 0.75, 0 ]
      },
      "bones": [ { "name": "hud_offhand_slot", "pivot": [ 0, 0, 0 ], "cubes": [ { "origin": [ -11, -11, 0 ], "size": [ 22, 22, 0 ], "uv": [ 0, 0 ] } ] } ]
    }
  ]
}