{
  "format_version": "1.8.0",
  "render_controllers": {
    "controller.render.player.first_person": {
      "geometry": "Geometry.default",
      "materials": [ { "*": "Material.default" } ],
      "textures": [ "Texture.default" ],
      "part_visibility": [
        { "*": false },
        { "rightArm": "query.get_equipped_item_name(0, 1) == '' || query.get_equipped_item_name(0, 1) == 'filled_map'" },
        { "leftArm": "(query.get_equipped_item_name(0, 1) == 'filled_map' && query.get_equipped_item_name('off_hand') != 'shield') || (query.get_equipped_item_name('off_hand') == 'filled_map' && !query.item_is_charged) || (!query.item_is_charged && (variable.item_use_normalized > 0 && variable.item_use_normalized < 1.0)) || (query.get_equipped_item_name(0, 1) == 'crossbow' && query.get_equipped_item_name('off_hand') == 'filled_map')" }
      ]
    },
    "controller.render.player.third_person": {
      "geometry": "Geometry.default",
      "materials": [ { "*": "Material.default" } ],
      "textures": [ "Texture.default" ],
      "part_visibility": [
        { "*": false },
        { "helmet": "variable.helmet_layer_visible && !query.has_head_gear" },
        { "leftLegging": "variable.leg_layer_visible" },
        { "rightLegging": "variable.leg_layer_visible" },
        { "leftBoot": "variable.boot_layer_visible" },
        { "rightBoot": "variable.boot_layer_visible" },
        { "leftSock": "variable.boot_layer_visible && variable.leg_layer_visible" },
        { "rightSock": "variable.boot_layer_visible && variable.leg_layer_visible" },
        { "bodyArmor": "variable.chest_layer_visible && !query.has_cape" },
        { "leftArmArmor": "variable.chest_layer_visible && !query.has_cape" },
        { "rightArmArmor": "variable.chest_layer_visible && !query.has_cape" },
        { "belt": "variable.chest_layer_visible && variable.leg_layer_visible" },
        { "hat": "!variable.is_first_person" },
        { "leftSleeve": "!variable.is_first_person" },
        { "rightSleeve": "!variable.is_first_person" },
        { "jacket": "!variable.is_first_person" },
        { "leftPants": "!variable.is_first_person" },
        { "rightPants": "!variable.is_first_person" },
        { "body": "!variable.is_first_person" },
        { "head": "!variable.is_first_person" },
        { "leftArm": "!variable.is_first_person" },
        { "rightArm": "!variable.is_first_person" },
        { "rightLeg": "!variable.is_first_person" },
        { "leftLeg": "!variable.is_first_person" }
      ]
    },
    "controller.render.player.first_person_spectator": {
      "geometry": "Geometry.default",
      "materials": [ { "*": "Material.default" } ],
      "textures": [ "Texture.default" ],
      "part_visibility": [
        { "*": false }
      ]
    },
    "controller.render.player.third_person_spectator": {
      "geometry": "Geometry.default",
      "materials": [ { "*": "Material.spectator" } ],
      "textures": [ "Texture.default" ],
      "part_visibility": [
        { "*": false },
        { "head": true },
        { "hat": true },
        { "helmet": "variable.helmet_layer_visible && !query.has_head_gear" }
      ],
      "color": {
        "r": "1.0f",
        "g": "1.0f",
        "b": "1.0f",
        "a": "0.3f"
      }
    },
    "controller.render.player.map": {
      "geometry": "Geometry.default",
      "materials": [ { "*": "Material.default" } ],
      "textures": [ "Texture.default" ],
      "part_visibility": [
        { "*": false },
        { "head": true },
        { "hat": true },
        { "helmet": "!query.has_head_gear" }
      ]
    }
  }
}
