{
  "format_version": "1.10.0",
  "minecraft:client_entity": {
    "description": {
      "identifier": "minecraft:player",
      "materials": {
        "default": "entity_alphatest",
        "animated": "player_animated"
        /*"emissive": "ambient_emissive",
        "alpha": "ambient_alpha",
        //using blending materials in HUD can cause some 3rd person models to render translucent
        "offhand_slot": "entity_alphablend",
        "hitbox": "entity_emissive_alpha"*/
      },
      "textures": {
        "default": "textures/entity/steve",
        "cape": "textures/entity/cape_invisible",
                "item": "textures/blocks/bedrock",

        "dirt2": "textures/blocks/dirt",

        "stone2": "textures/blocks/stone",
        "barrier2": "textures/blocks/barrier",
        "cobble2": "textures/blocks/cobblestone",
        "glass2": "textures/blocks/glass",
        "snetherite": "textures/items/netherite_sword",
        "sdiamond": "textures/items/diamond_sword",
        "siron": "textures/items/iron_sword",
        "swood": "textures/items/wood_sword",
        "sgold": "textures/items/gold_sword",
        "sstone": "textures/items/stone_sword",
        "pnetherite": "textures/items/netherite_pickaxe",
        "pdiamond": "textures/items/diamond_pickaxe",
        "piron": "textures/items/iron_pickaxe",
        "pwood": "textures/items/wood_pickaxe",
        "pgold": "textures/items/gold_pickaxe",
        "pstone": "textures/items/stone_pickaxe",
        "stick": "textures/items/stick",
        "snowball": "textures/items/snowball",
        "anetherite": "textures/items/netherite_axe",
        "adiamond": "textures/items/diamond_axe",
        "airon": "textures/items/iron_axe",
        "awood": "textures/items/wood_axe",
        "astone": "textures/items/stone_axe",
        "agold": "textures/items/gold_axe",
        "ep": "textures/items/ender_pearl",
        "tnt1": "textures/blocks/tnt_side",
        "apple": "textures/items/apple",
        "ga": "textures/items/apple_golden",
        "grass": "textures/blocks/grass_carried",
        "helmet": "textures/items/netherite_helmet",
        "ihelmet": "textures/items/iron_helmet",
        "ghelmet": "textures/items/diamond_helmet",
        "lhelmet": "textures/items/leather_helmet",
        "thelmet": "textures/items/turtle_helmet",
        "dhelmet": "textures/items/gold_helmet",
        "chelmet": "textures/items/chainmail_helmet",
        "chest": "textures/items/netherite_chestplate",
        "echest": "textures/items/elytra",
        "dchest": "textures/items/gold_chestplate",
        "gchest": "textures/items/diamond_chestplate",
        "ichest": "textures/items/iron_chestplate",
        "cchest": "textures/items/chainmail_chestplate",
        "lchest": "textures/items/leather_chestplate",
        "legs": "textures/items/netherite_leggings",
        "dlegs": "textures/items/gold_leggings",
        "glegs": "textures/items/diamond_leggings",
        "clegs": "textures/items/chainmail_leggings",
        "ilegs": "textures/items/iron_leggings",
        "llegs": "textures/items/leather_leggings",
        "feet": "textures/items/netherite_boots",
        "dfeet": "textures/items/gold_boots",
        "gfeet": "textures/items/diamond_boots",
        "cfeet": "textures/items/chainmail_boots",
        "ifeet": "textures/items/iron_boots",
        "lfeet": "textures/items/leather_boots",
        "wool": "textures/blocks/wool_colored_white",
        "bow": "textures/items/bow_standby",
        "book": "textures/items/book_enchanted",
        "compass": "textures/items/compass_item",
        "tag": "textures/items/name_tag",
        "arrow": "textures/items/arrow",
        "paper": "textures/items/paper",

        /*"zero_ones_health": "textures/entity/health/0_ones",
        "one_ones_health": "textures/entity/health/1_ones",
        "two_ones_health": "textures/entity/health/2_ones",
        "three_ones_health": "textures/entity/health/3_ones",
        "four_ones_health": "textures/entity/health/4_ones",
        "five_ones_health": "textures/entity/health/5_ones",
        "six_ones_health": "textures/entity/health/6_ones",
        "seven_ones_health": "textures/entity/health/7_ones",
        "eight_ones_health": "textures/entity/health/8_ones",
        "nine_ones_health": "textures/entity/health/9_ones",
        "one_tens_health": "textures/entity/health/1_tens",
        "two_tens_health": "textures/entity/health/2_tens",
        "three_tens_health": "textures/entity/health/3_tens",
        "four_tens_health": "textures/entity/health/4_tens",
        "five_tens_health": "textures/entity/health/5_tens",
        "six_tens_health": "textures/entity/health/6_tens",
        "seven_tens_health": "textures/entity/health/7_tens",
        "eight_tens_health": "textures/entity/health/8_tens",
        "nine_tens_health": "textures/entity/health/9_tens",*/
        "zero": "textures/entity/numbers/0",
        "one": "textures/entity/numbers/1",
        "two": "textures/entity/numbers/2",
        "three": "textures/entity/numbers/3",
        "four": "textures/entity/numbers/4",
        "five": "textures/entity/numbers/5",
        "six": "textures/entity/numbers/6",
        "seven": "textures/entity/numbers/7",
        "eight": "textures/entity/numbers/8",
        "nine": "textures/entity/numbers/9",
        //using custom textures for leather armor textures because of how overlay
        //colors are given to leather armor - not compatible with sprites
        "leather_helmet": "textures/entity/leather_armor_sprites/leather_helmet",
        "leather_chestplate": "textures/entity/leather_armor_sprites/leather_chestplate",
        "leather_leggings": "textures/entity/leather_armor_sprites/leather_leggings",
        "leather_boots": "textures/entity/leather_armor_sprites/leather_boots",
        "chainmail_helmet": "textures/items/chainmail_helmet",
        "chainmail_chestplate": "textures/items/chainmail_chestplate",
        "chainmail_leggings": "textures/items/chainmail_leggings",
        "chainmail_boots": "textures/items/chainmail_boots",
        "diamond_helmet": "textures/items/diamond_helmet",
        "diamond_chestplate": "textures/items/diamond_chestplate",
        "diamond_leggings": "textures/items/diamond_leggings",
        "diamond_boots": "textures/items/diamond_boots",
        "gold_helmet": "textures/items/gold_helmet",
        "gold_chestplate": "textures/items/gold_chestplate",
        "gold_leggings": "textures/items/gold_leggings",
        "gold_boots": "textures/items/gold_boots",
        "iron_helmet": "textures/items/iron_helmet",
        "iron_chestplate": "textures/items/iron_chestplate",
        "iron_leggings": "textures/items/iron_leggings",
        "iron_boots": "textures/items/iron_boots",
        "netherite_helmet": "textures/items/netherite_helmet",
        "netherite_chestplate": "textures/items/netherite_chestplate",
        "netherite_leggings": "textures/items/netherite_leggings",
        "netherite_boots": "textures/items/netherite_boots",
        "elytra": "textures/items/elytra",
        "turtle_helmet": "textures/items/turtle_helmet",
        "arrow": "textures/items/arrow",
        "firework_rocket": "textures/items/fireworks",
        "map": "textures/items/map_filled",
        "totem": "textures/items/totem",
        "nautilus_shell": "textures/items/nautilus",
        "shield": "textures/item/shield",
        "offhand_slot": "textures/ui/o_s",
        //"hitbox": "textures/entity/hitbox",
        "use_item_progress": "textures/entity/use_item_progress",
        /*"bow_0": "textures/items/bow_standby",
        "bow_1": "textures/items/bow_pulling_0",
        "bow_2": "textures/items/bow_pulling_1",
        "bow_3": "textures/items/bow_pulling_2",*/
        "movement_speed": "textures/entity/movement_speed"
        //"chunk_border": "textures/entity/chunk_border"
      },
      "geometry": {
        "default": "geometry.humanoid.custom",
                "cape": "geometry.cape",

        "item": "geometry.item",

        "helmet": "geometry.helmet",
        "chest": "geometry.chest",
        "legs": "geometry.legs",
        "feet": "geometry.feet",

        /*"health_ones": "geometry.health_ones",
        "health_tens": "geometry.health_tens",
        "helmet": "geometry.helmet",
        "chestplate": "geometry.chestplate",
        "leggings": "geometry.leggings",
        "boots": "geometry.boots",
        "offhand": "geometry.offhand",
        "offhand_shield": "geometry.offhand_shield",*/
        "hud_helmet": "geometry.hud_helmet",
        "hud_chestplate": "geometry.hud_chestplate",
        "hud_leggings": "geometry.hud_leggings",
        "hud_boots": "geometry.hud_boots",
        "hud_offhand": "geometry.hud_offhand",
        "hud_offhand_shield": "geometry.hud_offhand_shield",
        "hud_offhand_slot": "geometry.hud_offhand_slot",
        //"hitbox": "geometry.hitbox",
        //"hitbox_swimming": "geometry.hitbox_swimming",
        "hud_use_item_progress_ones": "geometry.hud_use_item_progress_ones",
        "hud_use_item_progress_tens": "geometry.hud_use_item_progress_tens",
        "hud_use_item_progress_background": "geometry.hud_use_item_progress_background",
        //"bow_progress": "geometry.bow_progress",
        "hud_movement_speed_background": "geometry.hud_movement_speed_background",
        "hud_movement_speed_tens_decimal": "geometry.hud_movement_speed_tens_decimal",
        "hud_movement_speed_ones_decimal": "geometry.hud_movement_speed_ones_decimal",
        "hud_movement_speed_ones": "geometry.hud_movement_speed_ones",
        "hud_movement_speed_tens": "geometry.hud_movement_speed_tens"
        //"chunk_border": "geometry.chunk_border"
      },
      "scripts": {
        "scale": "0.9375",
        "initialize": [
          "variable.is_holding_right = 0.0;",
          "variable.is_blinking = 0.0;",
          "variable.last_blink_time = 0.0;",
          "variable.hand_bob = 0.0;",
          "variable.this = 0.0;",
          "variable.life_time = 0.0;",
          "variable.hud_render1 = 0.0;",
          "variable.hud_render2 = 0.0;",
          //"variable.third_person_render = 0.0;",
          "variable.enchanted_helmet = 0.0;",
          "variable.enchanted_chestplate = 0.0;",
          "variable.enchanted_leggings = 0.0;",
          "variable.enchanted_boots = 0.0;",
          "variable.item_use_normalized = 0.0;",
          "variable.use_item_type = 0.0;",
          "variable.modified_move_speed = 0.0;"
        ],
        "pre_animation": [
          "variable.hud_render1 = !query.is_riding && !query.is_gliding;",
          "variable.hud_render2 = variable.hud_render1 && variable.this && query.is_in_ui;",
          //"variable.third_person_render = variable.hud_render1 && query.is_alive && !query.is_in_ui && !variable.map_face_icon && !variable.is_first_person && !variable.is_paperdoll;",
          "variable.enchanted_helmet = query.armor_material_slot(0) == 1 || query.armor_material_slot(0) == 3;",
          "variable.enchanted_chestplate = query.armor_material_slot(1) == 1 || query.armor_material_slot(1) == 3;",
          "variable.enchanted_leggings = query.armor_material_slot(2) == 1 || query.armor_material_slot(2) == 3;",
          "variable.enchanted_boots = query.armor_material_slot(3) == 1 || query.armor_material_slot(3) == 3;",
          "variable.helmet_layer_visible = 1.0;",
          "variable.leg_layer_visible = 1.0;",
          "variable.boot_layer_visible = 1.0;",
          "variable.chest_layer_visible = 1.0;",
          "variable.attack_body_rot_y = Math.sin(360*Math.sqrt(variable.attack_time)) * 5.0;",
          "variable.tcos0 = (math.cos(query.modified_distance_moved * 38.17) * query.modified_move_speed / variable.gliding_speed_value) * 57.3;",
          "variable.first_person_rotation_factor = math.sin((1 - variable.attack_time) * 180.0);",
          "variable.hand_bob = query.life_time < 0.01 ? 0.0 : variable.hand_bob + ((query.is_on_ground && query.is_alive ? math.clamp(math.sqrt(math.pow(query.position_delta(0), 2.0) + math.pow(query.position_delta(2), 2.0)), 0.0, 0.1) : 0.0) - variable.hand_bob) * 0.02;",
          "variable.map_angle = math.clamp(1 - variable.player_x_rotation / 45.1, 0.0, 1.0);",
          "variable.item_use_normalized = query.main_hand_item_use_duration / query.main_hand_item_max_duration;"
        ],
        "animate": [
          "root",
          "this",
                    "item",

          "helmet",

          "chest",
          "legs",
          "feet",

          //when the player flies with an elytra or rides an entity, its root is offset and is not
          //easily correctable with an animation, so for now rendering of custom utility models is
          //disabled when the player is in either of these states.
          { "hud_utility": "variable.hud_render2" },
          { "hud_movement_speed_clock": "variable.hud_render2" }
          //{ "third_person_utility": "variable.third_person_render" }
        ]
      },
      "animations": {
      	"this": "controller.animation.this",
      	"hud_utility": "controller.animation.hud_utility",
      	/*"third_person_utility": "controller.animation.third_person_utility",
        "health": "animation.health",
        "offhand": "animation.offhand",
        "offhand_shield": "animation.offhand_shield",
        "armor_root": "animation.armor_root",*/
        "hud_armor_root": "animation.hud_armor_root",
        "hud_offhand": "animation.hud_offhand",
        "hud_offhand_slot": "animation.hud_offhand_slot",
        //"hitbox": "animation.hitbox",
        "hud_use_item_progress": "animation.hud_use_item_progress",
        //"bow_root": "animation.bow_root",
        "hud_movement_speed": "animation.hud_movement_speed",
        "hud_movement_speed_clock": "controller.animation.hud_movement_speed_clock",
        //"chunk_border": "animation.chunk_border",
        "root": "controller.animation.player.root",
        "base_controller": "controller.animation.player.base",
        "hudplayer":  "controller.animation.player.hudplayer",
        "humanoid_base_pose": "animation.humanoid.base_pose",
        "look_at_target": "controller.animation.humanoid.look_at_target",
        "look_at_target_ui": "animation.player.look_at_target.ui",
        "look_at_target_default": "animation.humanoid.look_at_target.default",
        "look_at_target_gliding": "animation.humanoid.look_at_target.gliding",
        "look_at_target_swimming": "animation.humanoid.look_at_target.swimming",
        "look_at_target_inverted": "animation.player.look_at_target.inverted",
        "move.arms": "animation.player.move.arms",
        "move.legs": "animation.player.move.legs",
        "swimming": "animation.player.swim",
        "swimming.legs": "animation.player.swim.legs",
        "riding.arms": "animation.player.riding.arms",
        "riding.legs": "animation.player.riding.legs",
        "holding": "animation.player.holding",
                "item": "animation.player.item",

        "helmet": "animation.player.helmet",

        "chest": "animation.player.chest",
        "legs": "animation.player.legs",
        "feet": "animation.player.feet",

        "brandish_spear": "animation.humanoid.brandish_spear",
        "charging": "animation.humanoid.charging",
        "attack.positions": "animation.player.attack.positions",
        "attack.rotations": "animation.player.attack.rotations",
        "sneaking": "animation.player.sneaking",
        "bob": "animation.player.bob",
        "damage_nearby_mobs": "animation.humanoid.damage_nearby_mobs",
        "fishing_rod": "animation.humanoid.fishing_rod",
        "use_item_progress": "animation.humanoid.use_item_progress",
        "skeleton_attack": "animation.skeleton.attack",
        "sleeping": "animation.player.sleeping",
        "first_person_base_pose": "animation.player.first_person.base_pose",
        "first_person_empty_hand": "animation.player.first_person.empty_hand",
        "first_person_swap_item": "animation.player.first_person.swap_item",
        "first_person_attack_controller": "controller.animation.player.first_person_attack",
        "first_person_attack_rotation": "animation.player.first_person.attack_rotation",
        "first_person_vr_attack_rotation": "animation.player.first_person.vr_attack_rotation",
        "first_person_map_controller": "controller.animation.player.first_person_map",
        "first_person_map_hold": "animation.player.first_person.map_hold",
        "first_person_map_hold_attack": "animation.player.first_person.map_hold_attack",
        "first_person_map_hold_off_hand": "animation.player.first_person.map_hold_off_hand",
        "first_person_map_hold_main_hand": "animation.player.first_person.map_hold_main_hand",
        "first_person_crossbow_equipped": "animation.player.first_person.crossbow_equipped",
        "third_person_crossbow_equipped": "animation.player.crossbow_equipped",
        "third_person_bow_equipped": "animation.player.bow_equipped",
        "crossbow_hold": "animation.player.crossbow_hold",
        "crossbow_controller": "controller.animation.player.crossbow",
        "shield_block_main_hand": "animation.player.shield_block_main_hand",
        "shield_block_off_hand": "animation.player.shield_block_off_hand",
        "blink": "controller.animation.persona.blink"
      },
      "render_controllers": [
        { "controller.render.player.first_person": "variable.is_first_person" },
        { "controller.render.player.third_person": "!variable.is_first_person && !variable.map_face_icon" },
        { "controller.render.player.map": "variable.map_face_icon" },
                { "controller.render.player.item": "query.is_in_ui && query.get_equipped_item_name('main_hand') == 'bedrock' " },



        { "controller.render.player.dirt2": "query.is_in_ui && query.get_equipped_item_name('main_hand') == 'dirt' " },

        { "controller.render.player.stone2": "query.is_in_ui && query.get_equipped_item_name('main_hand') == 'stone' " },

        { "controller.render.player.barrier2": "query.is_in_ui && query.get_equipped_item_name('main_hand') == 'barrier' " },

        { "controller.render.player.cobble2": "query.is_in_ui && query.get_equipped_item_name('main_hand') == 'cobblestone' " },

        { "controller.render.player.glass2": "query.is_in_ui && query.get_equipped_item_name('main_hand') == 'glass' " },

        { "controller.render.player.snetherite": "query.is_in_ui && query.get_equipped_item_name('main_hand') == 'netherite_sword' " },

        { "controller.render.player.sdiamond": "query.is_in_ui && query.get_equipped_item_name('main_hand') == 'diamond_sword' " },

        { "controller.render.player.siron": "query.is_in_ui && query.get_equipped_item_name('main_hand') == 'iron_sword' " },

        { "controller.render.player.sgold": "query.is_in_ui && query.get_equipped_item_name('main_hand') == 'golden_sword' " },

        { "controller.render.player.swood": "query.is_in_ui && query.get_equipped_item_name('main_hand') == 'wooden_sword' " },

        { "controller.render.player.sstone": "query.is_in_ui && query.get_equipped_item_name('main_hand') == 'stone_sword' " },

        { "controller.render.player.pnetherite": "query.is_in_ui && query.get_equipped_item_name('main_hand') == 'netherite_pickaxe' " },

        { "controller.render.player.pdiamond": "query.is_in_ui && query.get_equipped_item_name('main_hand') == 'diamond_pickaxe' " },

        { "controller.render.player.piron": "query.is_in_ui && query.get_equipped_item_name('main_hand') == 'iron_pickaxe' " },

        { "controller.render.player.pgold": "query.is_in_ui && query.get_equipped_item_name('main_hand') == 'golden_pickaxe' " },

        { "controller.render.player.pwood": "query.is_in_ui && query.get_equipped_item_name('main_hand') == 'wooden_pickaxe' " },

        { "controller.render.player.pstone": "query.is_in_ui && query.get_equipped_item_name('main_hand') == 'stone_pickaxe' " },

        { "controller.render.player.snowball": "query.is_in_ui && query.get_equipped_item_name('main_hand') == 'snowball' " },

        { "controller.render.player.stick": "query.is_in_ui && query.get_equipped_item_name('main_hand') == 'stick' " },

        { "controller.render.player.anetherite": "query.is_in_ui && query.get_equipped_item_name('main_hand') == 'netherite_axe' " },

        { "controller.render.player.adiamond": "query.is_in_ui && query.get_equipped_item_name('main_hand') == 'diamond_axe' " },

        { "controller.render.player.airon": "query.is_in_ui && query.get_equipped_item_name('main_hand') == 'iron_axe' " },

        { "controller.render.player.agold": "query.is_in_ui && query.get_equipped_item_name('main_hand') == 'golden_axe' " },

        { "controller.render.player.awood": "query.is_in_ui && query.get_equipped_item_name('main_hand') == 'wooden_axe' " },

        { "controller.render.player.astone": "query.is_in_ui && query.get_equipped_item_name('main_hand') == 'stone_axe' " },

        { "controller.render.player.ep": "query.is_in_ui && query.get_equipped_item_name('main_hand') == 'ender_pearl' " },

        { "controller.render.player.tnt1": "query.is_in_ui && query.get_equipped_item_name('main_hand') == 'tnt' " },

        { "controller.render.player.apple": "query.is_in_ui && query.get_equipped_item_name('main_hand') == 'apple' " },

        { "controller.render.player.ga": "query.is_in_ui && query.get_equipped_item_name('main_hand') == 'golden_apple' " },

        { "controller.render.player.grass": "query.is_in_ui && query.get_equipped_item_name('main_hand') == 'grass' " },

        { "controller.render.player.helmet": "query.is_in_ui && query.armor_texture_slot(0) == (7)" },

        { "controller.render.player.ihelmet": "query.is_in_ui && query.armor_texture_slot(0) == (2)" },

        { "controller.render.player.ghelmet": "query.is_in_ui && query.armor_texture_slot(0) == (3)" },

        { "controller.render.player.lhelmet": "query.is_in_ui && query.armor_texture_slot(0) == (0)" },

        { "controller.render.player.thelmet": "query.is_in_ui && query.armor_texture_slot(0) == (6)" },

        { "controller.render.player.dhelmet": "query.is_in_ui && query.armor_texture_slot(0) == (4)" },

       { "controller.render.player.chelmet": "query.is_in_ui && query.armor_texture_slot(0) == (1)" },

       { "controller.render.player.chest": "query.is_in_ui && query.armor_texture_slot(1) == (7)" },

       { "controller.render.player.echest": "query.is_in_ui && query.armor_texture_slot(1) == (5)" },

       { "controller.render.player.dchest": "query.is_in_ui && query.armor_texture_slot(1) == (4)" },

       { "controller.render.player.gchest": "query.is_in_ui && query.armor_texture_slot(1) == (3)" },

       { "controller.render.player.ichest": "query.is_in_ui && query.armor_texture_slot(1) == (2)" },

       { "controller.render.player.cchest": "query.is_in_ui && query.armor_texture_slot(1) == (1)" },

       { "controller.render.player.lchest": "query.is_in_ui && query.armor_texture_slot(1) == (0)" },

       { "controller.render.player.legs": "query.is_in_ui && query.armor_texture_slot(2) == (7)" },

       { "controller.render.player.dlegs": "query.is_in_ui && query.armor_texture_slot(2) == (4)" },

       { "controller.render.player.glegs": "query.is_in_ui && query.armor_texture_slot(2) == (3)" },

       { "controller.render.player.llegs": "query.is_in_ui && query.armor_texture_slot(2) == (0)" },

       { "controller.render.player.ilegs": "query.is_in_ui && query.armor_texture_slot(2) == (2)" },

       { "controller.render.player.clegs": "query.is_in_ui && query.armor_texture_slot(2) == (1)" },

       { "controller.render.player.feet": "query.is_in_ui && query.armor_texture_slot(3) == (7)" },

       { "controller.render.player.dfeet": "query.is_in_ui && query.armor_texture_slot(3) == (4)" },

       { "controller.render.player.gfeet": "query.is_in_ui && query.armor_texture_slot(3) == (3)" },

       { "controller.render.player.cfeet": "query.is_in_ui && query.armor_texture_slot(3) == (1)" },

       { "controller.render.player.ifeet": "query.is_in_ui && query.armor_texture_slot(3) == (2)" },

     { "controller.render.player.lfeet": "query.is_in_ui && query.armor_texture_slot(3) == (0)" },

     { "controller.render.player.wool": "query.is_in_ui && query.get_equipped_item_name('main_hand') == 'wool' " },

     { "controller.render.player.bow": "query.is_in_ui && query.get_equipped_item_name('main_hand') == 'bow' " },

     { "controller.render.player.book": "query.is_in_ui && query.get_equipped_item_name('main_hand') == 'enchanted_book' " },

     { "controller.render.player.compass": "query.is_in_ui && query.get_equipped_item_name('main_hand') == 'compass' " },

     { "controller.render.player.tag": "query.is_in_ui && query.get_equipped_item_name('main_hand') == 'name_tag' " },

     { "controller.render.player.arrow": "query.is_in_ui && query.get_equipped_item_name('main_hand') == 'arrow' " },

     { "controller.render.player.paper": "query.is_in_ui && query.get_equipped_item_name('main_hand') == 'paper' " },

        //uncomment this render controller to activate your custom
        /*{ "controller.render.hitbox": "variable.third_person_render" },
        { "controller.render.chunk_border": "variable.third_person_render && variable.this && query.is_item_equipped(1) && query.get_equipped_item_name(1) != 'shield'" },
        { "controller.render.bow_progress": "variable.third_person_render && query.get_equipped_item_name == 'bow'" },
        { "controller.render.health_ones": "variable.third_person_render" },
        { "controller.render.health_tens": "variable.third_person_render && query.health >= 10" },
        { "controller.render.offhand": "variable.third_person_render && query.is_item_equipped(1)" },
        { "controller.render.helmet": "variable.third_person_render && query.has_armor_slot(0)" },
        { "controller.render.chestplate": "variable.third_person_render && query.has_armor_slot(1)" },
        { "controller.render.leggings": "variable.third_person_render && query.has_armor_slot(2)" },
        { "controller.render.boots": "variable.third_person_render && query.has_armor_slot(3)" },*/
        { "controller.render.hud_helmet": "query.has_armor_slot(0) && variable.hud_render2" },
        { "controller.render.hud_chestplate": "query.has_armor_slot(1) && variable.hud_render2" },
        { "controller.render.hud_leggings": "query.has_armor_slot(2) && variable.hud_render2" },
        { "controller.render.hud_boots": "query.has_armor_slot(3) && variable.hud_render2" },
        //placing the offhand render controller above the offhand slot render controller allows it to render the item on top
        { "controller.render.hud_offhand": "query.is_item_equipped(1) && variable.hud_render2" },
        { "controller.render.hud_offhand_slot": "query.is_item_equipped(1) && variable.hud_render2" },
        { "controller.render.hud_use_item_progress_ones": "variable.use_item_type && variable.hud_render2" },
        { "controller.render.hud_use_item_progress_tens": "variable.use_item_type && variable.hud_render2 && variable.item_use_normalized <= 0.9" },
        { "controller.render.hud_use_item_progress_background": "variable.use_item_type && variable.hud_render2" },
        { "controller.render.hud_movement_speed_tens": "variable.hud_render2 && query.ground_speed >= 10.0" },
        { "controller.render.hud_movement_speed_ones": "variable.hud_render2" },
        { "controller.render.hud_movement_speed_ones_decimal": "variable.hud_render2" },
        { "controller.render.hud_movement_speed_tens_decimal": "variable.hud_render2" },
        { "controller.render.hud_movement_speed_background": "variable.hud_render2" }
      ],
      "enable_attachables": true
    }
  }
}