{
	"file_path": "C:\\Users\\turtl\\AppData\\Local\\Packages\\Microsoft.MinecraftUWP_8wekyb3d8bbwe\\LocalState\\games\\com.mojang\\development_behavior_packs\\EC4 island pack\\items\\darkzoneflesh.json",
	"file_type": "item",
	"format_version": 1,
	"file_uuid": "6044b35d_63c6_40c7_ac3a_edf4f4048d59",
	"file_version": 2,
	"cache_content": {
		"children": [
			{
				"data": "1.16.100",
				"key": "format_version"
			},
			{
				"open": {
					"format_version": "1.16.100",
					"minecraft:item": {
						"description": {
							"identifier": "ec:rottenflesh",
							"category": "nature"
						},
						"components": {
							"minecraft:use_duration": 32,
							"minecraft:food": {
								"nutrition": 4,
								"saturation_modifier": "low"
							},
							"minecraft:icon": {
								"texture": "darkzoneflesh"
							},
							"minecraft:use_animation": "eat",
							"minecraft:render_offsets": "apple",
							"minecraft:creative_category": {
								"parent": "itemGroup.name.miscFood"
							}
						}
					}
				},
				"key": "minecraft:item",
				"children": [
					{
						"open": {
							"description": {
								"identifier": "ec:rottenflesh",
								"category": "nature"
							},
							"components": {
								"minecraft:use_duration": 32,
								"minecraft:food": {
									"nutrition": 4,
									"saturation_modifier": "low"
								},
								"minecraft:icon": {
									"texture": "darkzoneflesh"
								},
								"minecraft:use_animation": "eat",
								"minecraft:render_offsets": "apple",
								"minecraft:creative_category": {
									"parent": "itemGroup.name.miscFood"
								}
							}
						},
						"key": "description",
						"is_minified": true,
						"children": {
							"identifier": "ec:rottenflesh",
							"category": "nature"
						}
					},
					{
						"open": {
							"description": {
								"identifier": "ec:rottenflesh",
								"category": "nature"
							},
							"components": {
								"minecraft:use_duration": 32,
								"minecraft:food": {
									"nutrition": 4,
									"saturation_modifier": "low"
								},
								"minecraft:icon": {
									"texture": "darkzoneflesh"
								},
								"minecraft:use_animation": "eat",
								"minecraft:render_offsets": "apple",
								"minecraft:creative_category": {
									"parent": "itemGroup.name.miscFood"
								}
							}
						},
						"key": "components",
						"children": [
							{
								"data": "32",
								"key": "minecraft:use_duration"
							},
							{
								"key": "minecraft:food",
								"is_minified": true,
								"children": {
									"nutrition": 4,
									"saturation_modifier": "low"
								}
							},
							{
								"open": {
									"minecraft:use_duration": 32,
									"minecraft:food": {
										"nutrition": 4,
										"saturation_modifier": "low"
									},
									"minecraft:icon": {
										"texture": "darkzoneflesh"
									},
									"minecraft:use_animation": "eat",
									"minecraft:render_offsets": "apple",
									"minecraft:creative_category": {
										"parent": "itemGroup.name.miscFood"
									}
								},
								"key": "minecraft:icon",
								"is_minified": true,
								"children": {
									"texture": "darkzoneflesh"
								}
							},
							{
								"open": {
									"minecraft:use_duration": 32,
									"minecraft:food": {
										"nutrition": 4,
										"saturation_modifier": "low"
									},
									"minecraft:icon": {
										"texture": "darkzoneflesh"
									},
									"minecraft:use_animation": "eat",
									"minecraft:render_offsets": "apple",
									"minecraft:creative_category": {
										"parent": "itemGroup.name.miscFood"
									}
								},
								"data": "eat",
								"key": "minecraft:use_animation"
							},
							{
								"data": "apple",
								"key": "minecraft:render_offsets"
							},
							{
								"open": {
									"minecraft:use_duration": 32,
									"minecraft:food": {
										"nutrition": 4,
										"saturation_modifier": "low"
									},
									"minecraft:icon": {
										"texture": "darkzoneflesh"
									},
									"minecraft:use_animation": "eat",
									"minecraft:render_offsets": "apple",
									"minecraft:creative_category": {
										"parent": "itemGroup.name.miscFood"
									}
								},
								"key": "minecraft:creative_category",
								"is_minified": true,
								"children": {
									"parent": "itemGroup.name.miscFood"
								}
							}
						]
					}
				]
			}
		]
	}
}