{
	"file_path": "C:\\Users\\turtl\\AppData\\Local\\Packages\\Microsoft.MinecraftUWP_8wekyb3d8bbwe\\LocalState\\games\\com.mojang\\development_behavior_packs\\EC4 island pack\\items\\darkzonesword.json",
	"file_type": "item",
	"format_version": 1,
	"file_uuid": "0d0b09e8_a7ba_4e3e_bfba_277074d37801",
	"file_version": 1,
	"cache_content": {
		"children": [
			{
				"data": "1.16.100",
				"key": "format_version"
			},
			{
				"open": {
					"format_version": "1.16.100",
					"minecraft:item": {
						"description": {
							"category": "equipment",
							"identifier": "ec:darkzonesword"
						},
						"components": {
							"minecraft:creative_category": {
								"parent": "itemGroup.name.sword"
							},
							"minecraft:max_stack_size": 1,
							"minecraft:use_duration": 4600,
							"minecraft:hand_equipped": true,
							"minecraft:durability": {
								"max_durability": 2100
							},
							"minecraft:mining_speed": 3,
							"minecraft:damage": 15,
							"minecraft:icon": {
								"texture": "ec_darkzonesword"
							},
							"minecraft:enchantable": {
								"value": 18,
								"slot": "sword"
							},
							"minecraft:can_destroy_in_creative": false,
							"minecraft:digger": {
								"use_efficiency": true,
								"destroy_speeds": [
									{
										"block": "minecraft:web",
										"speed": 12
									},
									{
										"block": "minecraft:bamboo",
										"speed": 8
									}
								]
							},
							"minecraft:weapon": {},
							"tag:minecraft:is_sword": {}
						}
					}
				},
				"key": "minecraft:item",
				"children": [
					{
						"open": {
							"description": {
								"category": "equipment",
								"identifier": "ec:darkzonesword"
							},
							"components": {
								"minecraft:creative_category": {
									"parent": "itemGroup.name.sword"
								},
								"minecraft:max_stack_size": 1,
								"minecraft:use_duration": 4600,
								"minecraft:hand_equipped": true,
								"minecraft:durability": {
									"max_durability": 2100
								},
								"minecraft:mining_speed": 3,
								"minecraft:damage": 15,
								"minecraft:icon": {
									"texture": "ec_darkzonesword"
								},
								"minecraft:enchantable": {
									"value": 18,
									"slot": "sword"
								},
								"minecraft:can_destroy_in_creative": false,
								"minecraft:digger": {
									"use_efficiency": true,
									"destroy_speeds": [
										{
											"block": "minecraft:web",
											"speed": 12
										},
										{
											"block": "minecraft:bamboo",
											"speed": 8
										}
									]
								},
								"minecraft:weapon": {},
								"tag:minecraft:is_sword": {}
							}
						},
						"key": "description",
						"is_minified": true,
						"children": {
							"category": "equipment",
							"identifier": "ec:darkzonesword"
						}
					},
					{
						"open": {
							"description": {
								"category": "equipment",
								"identifier": "ec:darkzonesword"
							},
							"components": {
								"minecraft:creative_category": {
									"parent": "itemGroup.name.sword"
								},
								"minecraft:max_stack_size": 1,
								"minecraft:use_duration": 4600,
								"minecraft:hand_equipped": true,
								"minecraft:durability": {
									"max_durability": 2100
								},
								"minecraft:mining_speed": 3,
								"minecraft:damage": 15,
								"minecraft:icon": {
									"texture": "ec_darkzonesword"
								},
								"minecraft:enchantable": {
									"value": 18,
									"slot": "sword"
								},
								"minecraft:can_destroy_in_creative": false,
								"minecraft:digger": {
									"use_efficiency": true,
									"destroy_speeds": [
										{
											"block": "minecraft:web",
											"speed": 12
										},
										{
											"block": "minecraft:bamboo",
											"speed": 8
										}
									]
								},
								"minecraft:weapon": {},
								"tag:minecraft:is_sword": {}
							}
						},
						"key": "components",
						"children": [
							{
								"open": {
									"minecraft:creative_category": {
										"parent": "itemGroup.name.sword"
									},
									"minecraft:max_stack_size": 1,
									"minecraft:use_duration": 4600,
									"minecraft:hand_equipped": true,
									"minecraft:durability": {
										"max_durability": 2100
									},
									"minecraft:mining_speed": 3,
									"minecraft:damage": 15,
									"minecraft:icon": {
										"texture": "ec_darkzonesword"
									},
									"minecraft:enchantable": {
										"value": 18,
										"slot": "sword"
									},
									"minecraft:can_destroy_in_creative": false,
									"minecraft:digger": {
										"use_efficiency": true,
										"destroy_speeds": [
											{
												"block": "minecraft:web",
												"speed": 12
											},
											{
												"block": "minecraft:bamboo",
												"speed": 8
											}
										]
									},
									"minecraft:weapon": {},
									"tag:minecraft:is_sword": {}
								},
								"key": "minecraft:creative_category",
								"is_minified": true,
								"children": {
									"parent": "itemGroup.name.sword"
								}
							},
							{
								"data": "1",
								"key": "minecraft:max_stack_size"
							},
							{
								"open": {
									"minecraft:creative_category": {
										"parent": "itemGroup.name.sword"
									},
									"minecraft:max_stack_size": 1,
									"minecraft:use_duration": 4600,
									"minecraft:hand_equipped": true,
									"minecraft:durability": {
										"max_durability": 2100
									},
									"minecraft:mining_speed": 3,
									"minecraft:damage": 15,
									"minecraft:icon": {
										"texture": "ec_darkzonesword"
									},
									"minecraft:enchantable": {
										"value": 18,
										"slot": "sword"
									},
									"minecraft:can_destroy_in_creative": false,
									"minecraft:digger": {
										"use_efficiency": true,
										"destroy_speeds": [
											{
												"block": "minecraft:web",
												"speed": 12
											},
											{
												"block": "minecraft:bamboo",
												"speed": 8
											}
										]
									},
									"minecraft:weapon": {},
									"tag:minecraft:is_sword": {}
								},
								"data": "4600",
								"key": "minecraft:use_duration"
							},
							{
								"data": "true",
								"key": "minecraft:hand_equipped"
							},
							{
								"open": {
									"minecraft:creative_category": {
										"parent": "itemGroup.name.sword"
									},
									"minecraft:max_stack_size": 1,
									"minecraft:use_duration": 4600,
									"minecraft:hand_equipped": true,
									"minecraft:durability": {
										"max_durability": 2100
									},
									"minecraft:mining_speed": 3,
									"minecraft:damage": 15,
									"minecraft:icon": {
										"texture": "ec_darkzonesword"
									},
									"minecraft:enchantable": {
										"value": 18,
										"slot": "sword"
									},
									"minecraft:can_destroy_in_creative": false,
									"minecraft:digger": {
										"use_efficiency": true,
										"destroy_speeds": [
											{
												"block": "minecraft:web",
												"speed": 12
											},
											{
												"block": "minecraft:bamboo",
												"speed": 8
											}
										]
									},
									"minecraft:weapon": {},
									"tag:minecraft:is_sword": {}
								},
								"key": "minecraft:durability",
								"is_minified": true,
								"children": {
									"max_durability": 2100
								}
							},
							{
								"open": {
									"minecraft:creative_category": {
										"parent": "itemGroup.name.sword"
									},
									"minecraft:max_stack_size": 1,
									"minecraft:use_duration": 4600,
									"minecraft:hand_equipped": true,
									"minecraft:durability": {
										"max_durability": 2100
									},
									"minecraft:mining_speed": 3,
									"minecraft:damage": 15,
									"minecraft:icon": {
										"texture": "ec_darkzonesword"
									},
									"minecraft:enchantable": {
										"value": 18,
										"slot": "sword"
									},
									"minecraft:can_destroy_in_creative": false,
									"minecraft:digger": {
										"use_efficiency": true,
										"destroy_speeds": [
											{
												"block": "minecraft:web",
												"speed": 12
											},
											{
												"block": "minecraft:bamboo",
												"speed": 8
											}
										]
									},
									"minecraft:weapon": {},
									"tag:minecraft:is_sword": {}
								},
								"data": "3",
								"key": "minecraft:mining_speed"
							},
							{
								"open": {
									"minecraft:creative_category": {
										"parent": "itemGroup.name.sword"
									},
									"minecraft:max_stack_size": 1,
									"minecraft:use_duration": 4600,
									"minecraft:hand_equipped": true,
									"minecraft:durability": {
										"max_durability": 2100
									},
									"minecraft:mining_speed": 3,
									"minecraft:damage": 15,
									"minecraft:icon": {
										"texture": "ec_darkzonesword"
									},
									"minecraft:enchantable": {
										"value": 18,
										"slot": "sword"
									},
									"minecraft:can_destroy_in_creative": false,
									"minecraft:digger": {
										"use_efficiency": true,
										"destroy_speeds": [
											{
												"block": "minecraft:web",
												"speed": 12
											},
											{
												"block": "minecraft:bamboo",
												"speed": 8
											}
										]
									},
									"minecraft:weapon": {},
									"tag:minecraft:is_sword": {}
								},
								"data": "15",
								"key": "minecraft:damage"
							},
							{
								"key": "minecraft:icon",
								"is_minified": true,
								"children": {
									"texture": "ec_darkzonesword"
								}
							},
							{
								"open": {
									"minecraft:creative_category": {
										"parent": "itemGroup.name.sword"
									},
									"minecraft:max_stack_size": 1,
									"minecraft:use_duration": 4600,
									"minecraft:hand_equipped": true,
									"minecraft:durability": {
										"max_durability": 2100
									},
									"minecraft:mining_speed": 3,
									"minecraft:damage": 15,
									"minecraft:icon": {
										"texture": "ec_darkzonesword"
									},
									"minecraft:enchantable": {
										"value": 18,
										"slot": "sword"
									},
									"minecraft:can_destroy_in_creative": false,
									"minecraft:digger": {
										"use_efficiency": true,
										"destroy_speeds": [
											{
												"block": "minecraft:web",
												"speed": 12
											},
											{
												"block": "minecraft:bamboo",
												"speed": 8
											}
										]
									},
									"minecraft:weapon": {},
									"tag:minecraft:is_sword": {}
								},
								"key": "minecraft:enchantable",
								"is_minified": true,
								"children": {
									"value": 18,
									"slot": "sword"
								}
							},
							{
								"data": "false",
								"key": "minecraft:can_destroy_in_creative"
							},
							{
								"open": {
									"minecraft:creative_category": {
										"parent": "itemGroup.name.sword"
									},
									"minecraft:max_stack_size": 1,
									"minecraft:use_duration": 4600,
									"minecraft:hand_equipped": true,
									"minecraft:durability": {
										"max_durability": 2100
									},
									"minecraft:mining_speed": 3,
									"minecraft:damage": 15,
									"minecraft:icon": {
										"texture": "ec_darkzonesword"
									},
									"minecraft:enchantable": {
										"value": 18,
										"slot": "sword"
									},
									"minecraft:can_destroy_in_creative": false,
									"minecraft:digger": {
										"use_efficiency": true,
										"destroy_speeds": [
											{
												"block": "minecraft:web",
												"speed": 12
											},
											{
												"block": "minecraft:bamboo",
												"speed": 8
											}
										]
									},
									"minecraft:weapon": {},
									"tag:minecraft:is_sword": {}
								},
								"key": "minecraft:digger",
								"is_minified": true,
								"children": {
									"use_efficiency": true,
									"destroy_speeds": [
										{
											"block": "minecraft:web",
											"speed": 12
										},
										{
											"block": "minecraft:bamboo",
											"speed": 8
										}
									]
								}
							},
							{
								"key": "minecraft:weapon",
								"is_minified": true,
								"children": {}
							},
							{
								"open": {
									"minecraft:creative_category": {
										"parent": "itemGroup.name.sword"
									},
									"minecraft:max_stack_size": 1,
									"minecraft:use_duration": 4600,
									"minecraft:hand_equipped": true,
									"minecraft:durability": {
										"max_durability": 2100
									},
									"minecraft:mining_speed": 3,
									"minecraft:damage": 15,
									"minecraft:icon": {
										"texture": "ec_darkzonesword"
									},
									"minecraft:enchantable": {
										"value": 18,
										"slot": "sword"
									},
									"minecraft:can_destroy_in_creative": false,
									"minecraft:digger": {
										"use_efficiency": true,
										"destroy_speeds": [
											{
												"block": "minecraft:web",
												"speed": 12
											},
											{
												"block": "minecraft:bamboo",
												"speed": 8
											}
										]
									},
									"minecraft:weapon": {},
									"tag:minecraft:is_sword": {}
								},
								"key": "tag:minecraft:is_sword",
								"is_minified": true,
								"children": {}
							}
						]
					}
				]
			}
		]
	}
}