{
	"file_path": "C:\\Users\\turtl\\AppData\\Local\\Packages\\Microsoft.MinecraftUWP_8wekyb3d8bbwe\\LocalState\\games\\com.mojang\\development_behavior_packs\\EC4 island pack\\items\\darkzonearmor_boots.json",
	"file_type": "item",
	"format_version": 1,
	"file_uuid": "7c1a1ef2_2a80_495c_a621_73fa6d4d3ee3",
	"file_version": 2,
	"cache_content": {
		"children": [
			{
				"data": "1.16.100",
				"key": "format_version"
			},
			{
				"open": {
					"format_version": "1.16.100",
					"minecraft:item": {
						"description": {
							"identifier": "ec:darkzonearmor_boots",
							"category": "equipment"
						},
						"components": {
							"minecraft:max_stack_size": 1,
							"minecraft:enchantable": {
								"value": 13,
								"slot": "armor_feet"
							},
							"minecraft:durability": {
								"max_durability": 581,
								"damage_chance": {
									"min": 60,
									"max": 100
								}
							},
							"minecraft:icon": {
								"texture": "ec_darkzonearmor_boots"
							},
							"minecraft:render_offsets": "boots",
							"minecraft:armor": {
								"protection": 6
							},
							"minecraft:wearable": {
								"slot": "slot.armor.feet"
							},
							"minecraft:mining_speed": 9,
							"minecraft:knockback_resistance": {
								"protection": 0.2
							}
						}
					}
				},
				"key": "minecraft:item",
				"children": [
					{
						"open": {
							"description": {
								"identifier": "ec:darkzonearmor_boots",
								"category": "equipment"
							},
							"components": {
								"minecraft:max_stack_size": 1,
								"minecraft:enchantable": {
									"value": 13,
									"slot": "armor_feet"
								},
								"minecraft:durability": {
									"max_durability": 581,
									"damage_chance": {
										"min": 60,
										"max": 100
									}
								},
								"minecraft:icon": {
									"texture": "ec_darkzonearmor_boots"
								},
								"minecraft:render_offsets": "boots",
								"minecraft:armor": {
									"protection": 6
								},
								"minecraft:wearable": {
									"slot": "slot.armor.feet"
								},
								"minecraft:mining_speed": 9,
								"minecraft:knockback_resistance": {
									"protection": 0.2
								}
							}
						},
						"key": "description",
						"is_minified": true,
						"children": {
							"identifier": "ec:darkzonearmor_boots",
							"category": "equipment"
						}
					},
					{
						"open": {
							"description": {
								"identifier": "ec:darkzonearmor_boots",
								"category": "equipment"
							},
							"components": {
								"minecraft:max_stack_size": 1,
								"minecraft:enchantable": {
									"value": 13,
									"slot": "armor_feet"
								},
								"minecraft:durability": {
									"max_durability": 581,
									"damage_chance": {
										"min": 60,
										"max": 100
									}
								},
								"minecraft:icon": {
									"texture": "ec_darkzonearmor_boots"
								},
								"minecraft:render_offsets": "boots",
								"minecraft:armor": {
									"protection": 6
								},
								"minecraft:wearable": {
									"slot": "slot.armor.feet"
								},
								"minecraft:mining_speed": 9,
								"minecraft:knockback_resistance": {
									"protection": 0.2
								}
							}
						},
						"key": "components",
						"children": [
							{
								"open": {
									"minecraft:max_stack_size": 1,
									"minecraft:enchantable": {
										"value": 13,
										"slot": "armor_feet"
									},
									"minecraft:durability": {
										"max_durability": 581,
										"damage_chance": {
											"min": 60,
											"max": 100
										}
									},
									"minecraft:icon": {
										"texture": "ec_darkzonearmor_boots"
									},
									"minecraft:render_offsets": "boots",
									"minecraft:armor": {
										"protection": 6
									},
									"minecraft:wearable": {
										"slot": "slot.armor.feet"
									},
									"minecraft:mining_speed": 9,
									"minecraft:knockback_resistance": {
										"protection": 0.2
									}
								},
								"data": "1",
								"key": "minecraft:max_stack_size"
							},
							{
								"open": {
									"minecraft:max_stack_size": 1,
									"minecraft:enchantable": {
										"value": 13,
										"slot": "armor_feet"
									},
									"minecraft:durability": {
										"max_durability": 581,
										"damage_chance": {
											"min": 60,
											"max": 100
										}
									},
									"minecraft:icon": {
										"texture": "ec_darkzonearmor_boots"
									},
									"minecraft:render_offsets": "boots",
									"minecraft:armor": {
										"protection": 6
									},
									"minecraft:wearable": {
										"slot": "slot.armor.feet"
									},
									"minecraft:mining_speed": 9,
									"minecraft:knockback_resistance": {
										"protection": 0.2
									}
								},
								"key": "minecraft:enchantable",
								"is_minified": true,
								"children": {
									"value": 13,
									"slot": "armor_feet"
								}
							},
							{
								"open": {
									"minecraft:max_stack_size": 1,
									"minecraft:enchantable": {
										"value": 13,
										"slot": "armor_feet"
									},
									"minecraft:durability": {
										"max_durability": 581,
										"damage_chance": {
											"min": 60,
											"max": 100
										}
									},
									"minecraft:icon": {
										"texture": "ec_darkzonearmor_boots"
									},
									"minecraft:render_offsets": "boots",
									"minecraft:armor": {
										"protection": 6
									},
									"minecraft:wearable": {
										"slot": "slot.armor.feet"
									},
									"minecraft:mining_speed": 9,
									"minecraft:knockback_resistance": {
										"protection": 0.2
									}
								},
								"key": "minecraft:durability",
								"children": [
									{
										"open": {
											"max_durability": 581,
											"damage_chance": {
												"min": 60,
												"max": 100
											}
										},
										"data": "581",
										"key": "max_durability"
									},
									{
										"open": {
											"max_durability": 581,
											"damage_chance": {
												"min": 60,
												"max": 100
											}
										},
										"key": "damage_chance",
										"is_minified": true,
										"children": {
											"min": 60,
											"max": 100
										}
									}
								]
							},
							{
								"open": {
									"minecraft:max_stack_size": 1,
									"minecraft:enchantable": {
										"value": 13,
										"slot": "armor_feet"
									},
									"minecraft:durability": {
										"max_durability": 581,
										"damage_chance": {
											"min": 60,
											"max": 100
										}
									},
									"minecraft:icon": {
										"texture": "ec_darkzonearmor_boots"
									},
									"minecraft:render_offsets": "boots",
									"minecraft:armor": {
										"protection": 6
									},
									"minecraft:wearable": {
										"slot": "slot.armor.feet"
									},
									"minecraft:mining_speed": 9,
									"minecraft:knockback_resistance": {
										"protection": 0.2
									}
								},
								"key": "minecraft:icon",
								"is_minified": true,
								"children": {
									"texture": "ec_darkzonearmor_boots"
								}
							},
							{
								"open": {
									"minecraft:max_stack_size": 1,
									"minecraft:enchantable": {
										"value": 13,
										"slot": "armor_feet"
									},
									"minecraft:durability": {
										"max_durability": 581,
										"damage_chance": {
											"min": 60,
											"max": 100
										}
									},
									"minecraft:icon": {
										"texture": "ec_darkzonearmor_boots"
									},
									"minecraft:render_offsets": "boots",
									"minecraft:armor": {
										"protection": 6
									},
									"minecraft:wearable": {
										"slot": "slot.armor.feet"
									},
									"minecraft:mining_speed": 9,
									"minecraft:knockback_resistance": {
										"protection": 0.2
									}
								},
								"data": "boots",
								"key": "minecraft:render_offsets"
							},
							{
								"open": {
									"minecraft:max_stack_size": 1,
									"minecraft:enchantable": {
										"value": 13,
										"slot": "armor_feet"
									},
									"minecraft:durability": {
										"max_durability": 581,
										"damage_chance": {
											"min": 60,
											"max": 100
										}
									},
									"minecraft:icon": {
										"texture": "ec_darkzonearmor_boots"
									},
									"minecraft:render_offsets": "boots",
									"minecraft:armor": {
										"protection": 6
									},
									"minecraft:wearable": {
										"slot": "slot.armor.feet"
									},
									"minecraft:mining_speed": 9,
									"minecraft:knockback_resistance": {
										"protection": 0.2
									}
								},
								"key": "minecraft:armor",
								"is_minified": true,
								"children": {
									"protection": 6
								}
							},
							{
								"open": {
									"minecraft:max_stack_size": 1,
									"minecraft:enchantable": {
										"value": 13,
										"slot": "armor_feet"
									},
									"minecraft:durability": {
										"max_durability": 581,
										"damage_chance": {
											"min": 60,
											"max": 100
										}
									},
									"minecraft:icon": {
										"texture": "ec_darkzonearmor_boots"
									},
									"minecraft:render_offsets": "boots",
									"minecraft:armor": {
										"protection": 6
									},
									"minecraft:wearable": {
										"slot": "slot.armor.feet"
									},
									"minecraft:mining_speed": 9,
									"minecraft:knockback_resistance": {
										"protection": 0.2
									}
								},
								"key": "minecraft:wearable",
								"is_minified": true,
								"children": {
									"slot": "slot.armor.feet"
								}
							},
							{
								"data": "9",
								"key": "minecraft:mining_speed"
							},
							{
								"open": {
									"minecraft:max_stack_size": 1,
									"minecraft:enchantable": {
										"value": 13,
										"slot": "armor_feet"
									},
									"minecraft:durability": {
										"max_durability": 581,
										"damage_chance": {
											"min": 60,
											"max": 100
										}
									},
									"minecraft:icon": {
										"texture": "ec_darkzonearmor_boots"
									},
									"minecraft:render_offsets": "boots",
									"minecraft:armor": {
										"protection": 6
									},
									"minecraft:wearable": {
										"slot": "slot.armor.feet"
									},
									"minecraft:mining_speed": 9,
									"minecraft:knockback_resistance": {
										"protection": 0.2
									}
								},
								"key": "minecraft:knockback_resistance",
								"is_minified": true,
								"children": {
									"protection": 0.2
								}
							}
						]
					}
				]
			}
		]
	}
}