{
	"file_path": "C:\\Users\\turtl\\AppData\\Local\\Packages\\Microsoft.MinecraftUWP_8wekyb3d8bbwe\\LocalState\\games\\com.mojang\\development_behavior_packs\\EC4 island pack\\items\\darkzonearmor_leggings.json",
	"file_type": "item",
	"format_version": 1,
	"file_uuid": "9c7aa400_6485_4188_955a_00e96116428b",
	"file_version": 1,
	"cache_content": {
		"children": [
			{
				"data": "1.16.100",
				"key": "format_version"
			},
			{
				"open": {
					"format_version": "1.16.100",
					"minecraft:item": {
						"description": {
							"identifier": "ec:darkzonearmor_leggings",
							"category": "equipment"
						},
						"components": {
							"minecraft:max_stack_size": 1,
							"minecraft:enchantable": {
								"value": 15,
								"slot": "armor_legs"
							},
							"minecraft:durability": {
								"max_durability": 655,
								"damage_chance": {
									"min": 60,
									"max": 100
								}
							},
							"minecraft:icon": {
								"texture": "ec_darkzonearmor_leggings"
							},
							"minecraft:render_offsets": "leggings",
							"minecraft:armor": {
								"protection": 9
							},
							"minecraft:wearable": {
								"slot": "slot.armor.legs"
							},
							"minecraft:knockback_resistance": {
								"protection": 0.2
							},
							"minecraft:mining_speed": 9
						}
					}
				},
				"key": "minecraft:item",
				"children": [
					{
						"open": {
							"description": {
								"identifier": "ec:darkzonearmor_leggings",
								"category": "equipment"
							},
							"components": {
								"minecraft:max_stack_size": 1,
								"minecraft:enchantable": {
									"value": 15,
									"slot": "armor_legs"
								},
								"minecraft:durability": {
									"max_durability": 655,
									"damage_chance": {
										"min": 60,
										"max": 100
									}
								},
								"minecraft:icon": {
									"texture": "ec_darkzonearmor_leggings"
								},
								"minecraft:render_offsets": "leggings",
								"minecraft:armor": {
									"protection": 9
								},
								"minecraft:wearable": {
									"slot": "slot.armor.legs"
								},
								"minecraft:knockback_resistance": {
									"protection": 0.2
								},
								"minecraft:mining_speed": 9
							}
						},
						"key": "description",
						"is_minified": true,
						"children": {
							"identifier": "ec:darkzonearmor_leggings",
							"category": "equipment"
						}
					},
					{
						"open": {
							"description": {
								"identifier": "ec:darkzonearmor_leggings",
								"category": "equipment"
							},
							"components": {
								"minecraft:max_stack_size": 1,
								"minecraft:enchantable": {
									"value": 15,
									"slot": "armor_legs"
								},
								"minecraft:durability": {
									"max_durability": 655,
									"damage_chance": {
										"min": 60,
										"max": 100
									}
								},
								"minecraft:icon": {
									"texture": "ec_darkzonearmor_leggings"
								},
								"minecraft:render_offsets": "leggings",
								"minecraft:armor": {
									"protection": 9
								},
								"minecraft:wearable": {
									"slot": "slot.armor.legs"
								},
								"minecraft:knockback_resistance": {
									"protection": 0.2
								},
								"minecraft:mining_speed": 9
							}
						},
						"key": "components",
						"children": [
							{
								"open": {
									"minecraft:max_stack_size": 1,
									"minecraft:enchantable": {
										"value": 15,
										"slot": "armor_legs"
									},
									"minecraft:durability": {
										"max_durability": 655,
										"damage_chance": {
											"min": 60,
											"max": 100
										}
									},
									"minecraft:icon": {
										"texture": "ec_darkzonearmor_leggings"
									},
									"minecraft:render_offsets": "leggings",
									"minecraft:armor": {
										"protection": 9
									},
									"minecraft:wearable": {
										"slot": "slot.armor.legs"
									},
									"minecraft:knockback_resistance": {
										"protection": 0.2
									},
									"minecraft:mining_speed": 9
								},
								"data": "1",
								"key": "minecraft:max_stack_size"
							},
							{
								"open": {
									"minecraft:max_stack_size": 1,
									"minecraft:enchantable": {
										"value": 15,
										"slot": "armor_legs"
									},
									"minecraft:durability": {
										"max_durability": 655,
										"damage_chance": {
											"min": 60,
											"max": 100
										}
									},
									"minecraft:icon": {
										"texture": "ec_darkzonearmor_leggings"
									},
									"minecraft:render_offsets": "leggings",
									"minecraft:armor": {
										"protection": 9
									},
									"minecraft:wearable": {
										"slot": "slot.armor.legs"
									},
									"minecraft:knockback_resistance": {
										"protection": 0.2
									},
									"minecraft:mining_speed": 9
								},
								"key": "minecraft:enchantable",
								"is_minified": true,
								"children": {
									"value": 15,
									"slot": "armor_legs"
								}
							},
							{
								"open": {
									"minecraft:max_stack_size": 1,
									"minecraft:enchantable": {
										"value": 15,
										"slot": "armor_legs"
									},
									"minecraft:durability": {
										"max_durability": 655,
										"damage_chance": {
											"min": 60,
											"max": 100
										}
									},
									"minecraft:icon": {
										"texture": "ec_darkzonearmor_leggings"
									},
									"minecraft:render_offsets": "leggings",
									"minecraft:armor": {
										"protection": 9
									},
									"minecraft:wearable": {
										"slot": "slot.armor.legs"
									},
									"minecraft:knockback_resistance": {
										"protection": 0.2
									},
									"minecraft:mining_speed": 9
								},
								"key": "minecraft:durability",
								"is_minified": true,
								"children": {
									"max_durability": 655,
									"damage_chance": {
										"min": 60,
										"max": 100
									}
								}
							},
							{
								"open": {
									"minecraft:max_stack_size": 1,
									"minecraft:enchantable": {
										"value": 15,
										"slot": "armor_legs"
									},
									"minecraft:durability": {
										"max_durability": 655,
										"damage_chance": {
											"min": 60,
											"max": 100
										}
									},
									"minecraft:icon": {
										"texture": "ec_darkzonearmor_leggings"
									},
									"minecraft:render_offsets": "leggings",
									"minecraft:armor": {
										"protection": 9
									},
									"minecraft:wearable": {
										"slot": "slot.armor.legs"
									},
									"minecraft:knockback_resistance": {
										"protection": 0.2
									},
									"minecraft:mining_speed": 9
								},
								"key": "minecraft:icon",
								"is_minified": true,
								"children": {
									"texture": "ec_darkzonearmor_leggings"
								}
							},
							{
								"open": {
									"minecraft:max_stack_size": 1,
									"minecraft:enchantable": {
										"value": 15,
										"slot": "armor_legs"
									},
									"minecraft:durability": {
										"max_durability": 655,
										"damage_chance": {
											"min": 60,
											"max": 100
										}
									},
									"minecraft:icon": {
										"texture": "ec_darkzonearmor_leggings"
									},
									"minecraft:render_offsets": "leggings",
									"minecraft:armor": {
										"protection": 9
									},
									"minecraft:wearable": {
										"slot": "slot.armor.legs"
									},
									"minecraft:knockback_resistance": {
										"protection": 0.2
									},
									"minecraft:mining_speed": 9
								},
								"data": "leggings",
								"key": "minecraft:render_offsets"
							},
							{
								"open": {
									"minecraft:max_stack_size": 1,
									"minecraft:enchantable": {
										"value": 15,
										"slot": "armor_legs"
									},
									"minecraft:durability": {
										"max_durability": 655,
										"damage_chance": {
											"min": 60,
											"max": 100
										}
									},
									"minecraft:icon": {
										"texture": "ec_darkzonearmor_leggings"
									},
									"minecraft:render_offsets": "leggings",
									"minecraft:armor": {
										"protection": 9
									},
									"minecraft:wearable": {
										"slot": "slot.armor.legs"
									},
									"minecraft:knockback_resistance": {
										"protection": 0.2
									},
									"minecraft:mining_speed": 9
								},
								"key": "minecraft:armor",
								"is_minified": true,
								"children": {
									"protection": 9
								}
							},
							{
								"open": {
									"minecraft:max_stack_size": 1,
									"minecraft:enchantable": {
										"value": 15,
										"slot": "armor_legs"
									},
									"minecraft:durability": {
										"max_durability": 655,
										"damage_chance": {
											"min": 60,
											"max": 100
										}
									},
									"minecraft:icon": {
										"texture": "ec_darkzonearmor_leggings"
									},
									"minecraft:render_offsets": "leggings",
									"minecraft:armor": {
										"protection": 9
									},
									"minecraft:wearable": {
										"slot": "slot.armor.legs"
									},
									"minecraft:knockback_resistance": {
										"protection": 0.2
									},
									"minecraft:mining_speed": 9
								},
								"key": "minecraft:wearable",
								"is_minified": true,
								"children": {
									"slot": "slot.armor.legs"
								}
							},
							{
								"open": {
									"minecraft:max_stack_size": 1,
									"minecraft:enchantable": {
										"value": 15,
										"slot": "armor_legs"
									},
									"minecraft:durability": {
										"max_durability": 655,
										"damage_chance": {
											"min": 60,
											"max": 100
										}
									},
									"minecraft:icon": {
										"texture": "ec_darkzonearmor_leggings"
									},
									"minecraft:render_offsets": "leggings",
									"minecraft:armor": {
										"protection": 9
									},
									"minecraft:wearable": {
										"slot": "slot.armor.legs"
									},
									"minecraft:knockback_resistance": {
										"protection": 0.2
									},
									"minecraft:mining_speed": 9
								},
								"key": "minecraft:knockback_resistance",
								"is_minified": true,
								"children": {
									"protection": 0.2
								}
							},
							{
								"data": "9",
								"key": "minecraft:mining_speed"
							}
						]
					}
				]
			}
		]
	}
}