{
	"file_path": "C:\\Users\\turtl\\AppData\\Local\\Packages\\Microsoft.MinecraftUWP_8wekyb3d8bbwe\\LocalState\\games\\com.mojang\\development_behavior_packs\\EC4 island pack\\items\\darkzoneore.json",
	"file_type": "item",
	"format_version": 1,
	"file_uuid": "be52ad60_1631_45e5_a74f_c15b7da7f829",
	"file_version": 0,
	"cache_content": {
		"children": [
			{
				"data": "1.16.100",
				"key": "format_version"
			},
			{
				"open": {
					"format_version": "1.16.100",
					"minecraft:item": {
						"description": {
							"identifier": "ec:darkzoneore",
							"category": "nature"
						},
						"components": {
							"minecraft:creative_category": {
								"parent": "itemGroup.name.diamond"
							},
							"minecraft:max_stack_size": 64,
							"minecraft:icon": {
								"texture": "ec_darkzoneore"
							},
							"minecraft:render_offsets": "paper"
						}
					}
				},
				"key": "minecraft:item",
				"children": [
					{
						"open": {
							"description": {
								"identifier": "ec:darkzoneore",
								"category": "nature"
							},
							"components": {
								"minecraft:creative_category": {
									"parent": "itemGroup.name.diamond"
								},
								"minecraft:max_stack_size": 64,
								"minecraft:icon": {
									"texture": "ec_darkzoneore"
								},
								"minecraft:render_offsets": "paper"
							}
						},
						"key": "description",
						"is_minified": true,
						"children": {
							"identifier": "ec:darkzoneore",
							"category": "nature"
						}
					},
					{
						"open": {
							"description": {
								"identifier": "ec:darkzoneore",
								"category": "nature"
							},
							"components": {
								"minecraft:creative_category": {
									"parent": "itemGroup.name.diamond"
								},
								"minecraft:max_stack_size": 64,
								"minecraft:icon": {
									"texture": "ec_darkzoneore"
								},
								"minecraft:render_offsets": "paper"
							}
						},
						"key": "components",
						"children": [
							{
								"open": {
									"minecraft:creative_category": {
										"parent": "itemGroup.name.diamond"
									},
									"minecraft:max_stack_size": 64,
									"minecraft:icon": {
										"texture": "ec_darkzoneore"
									},
									"minecraft:render_offsets": "paper"
								},
								"key": "minecraft:creative_category",
								"is_minified": true,
								"children": {
									"parent": "itemGroup.name.diamond"
								}
							},
							{
								"open": {
									"minecraft:creative_category": {
										"parent": "itemGroup.name.diamond"
									},
									"minecraft:max_stack_size": 64,
									"minecraft:icon": {
										"texture": "ec_darkzoneore"
									},
									"minecraft:render_offsets": "paper"
								},
								"data": "64",
								"key": "minecraft:max_stack_size"
							},
							{
								"key": "minecraft:icon",
								"is_minified": true,
								"children": {
									"texture": "ec_darkzoneore"
								}
							},
							{
								"data": "paper",
								"key": "minecraft:render_offsets"
							}
						]
					}
				]
			}
		]
	}
}