{
	"file_path": "C:\\Users\\turtl\\AppData\\Local\\Packages\\Microsoft.MinecraftUWP_8wekyb3d8bbwe\\LocalState\\games\\com.mojang\\development_behavior_packs\\EC4 island pack\\items\\darkzonearmor_helmet.json",
	"file_type": "item",
	"format_version": 1,
	"file_uuid": "3dcfa693_c9e4_43d4_a5f0_c0f3f6fd1492",
	"file_version": 2,
	"cache_content": {
		"children": [
			{
				"data": "1.16.100",
				"key": "format_version"
			},
			{
				"open": {
					"format_version": "1.16.100",
					"minecraft:item": {
						"description": {
							"identifier": "ec:darkzonearmor_helmet",
							"category": "equipment"
						},
						"components": {
							"minecraft:max_stack_size": 1,
							"minecraft:enchantable": {
								"value": 12,
								"slot": "armor_head"
							},
							"minecraft:durability": {
								"max_durability": 570,
								"damage_chance": {
									"min": 60,
									"max": 100
								}
							},
							"minecraft:icon": {
								"texture": "ec_darkzonearmor_helmet"
							},
							"minecraft:render_offsets": "helmets",
							"minecraft:armor": {},
							"minecraft:wearable": {
								"slot": "slot.armor.head",
								"protection": 6
							},
							"minecraft:damage": 5,
							"minecraft:knockback_resistance": {
								"protection": 0.2
							},
							"minecraft:mining_speed": 9
						}
					}
				},
				"key": "minecraft:item",
				"children": [
					{
						"open": {
							"description": {
								"identifier": "ec:darkzonearmor_helmet",
								"category": "equipment"
							},
							"components": {
								"minecraft:max_stack_size": 1,
								"minecraft:enchantable": {
									"value": 12,
									"slot": "armor_head"
								},
								"minecraft:durability": {
									"max_durability": 570,
									"damage_chance": {
										"min": 60,
										"max": 100
									}
								},
								"minecraft:icon": {
									"texture": "ec_darkzonearmor_helmet"
								},
								"minecraft:render_offsets": "helmets",
								"minecraft:armor": {},
								"minecraft:wearable": {
									"slot": "slot.armor.head",
									"protection": 6
								},
								"minecraft:damage": 5,
								"minecraft:knockback_resistance": {
									"protection": 0.2
								},
								"minecraft:mining_speed": 9
							}
						},
						"key": "description",
						"is_minified": true,
						"children": {
							"identifier": "ec:darkzonearmor_helmet",
							"category": "equipment"
						}
					},
					{
						"open": {
							"description": {
								"identifier": "ec:darkzonearmor_helmet",
								"category": "equipment"
							},
							"components": {
								"minecraft:max_stack_size": 1,
								"minecraft:enchantable": {
									"value": 12,
									"slot": "armor_head"
								},
								"minecraft:durability": {
									"max_durability": 570,
									"damage_chance": {
										"min": 60,
										"max": 100
									}
								},
								"minecraft:icon": {
									"texture": "ec_darkzonearmor_helmet"
								},
								"minecraft:render_offsets": "helmets",
								"minecraft:armor": {},
								"minecraft:wearable": {
									"slot": "slot.armor.head",
									"protection": 6
								},
								"minecraft:damage": 5,
								"minecraft:knockback_resistance": {
									"protection": 0.2
								},
								"minecraft:mining_speed": 9
							}
						},
						"key": "components",
						"children": [
							{
								"open": {
									"minecraft:max_stack_size": 1,
									"minecraft:enchantable": {
										"value": 12,
										"slot": "armor_head"
									},
									"minecraft:durability": {
										"max_durability": 570,
										"damage_chance": {
											"min": 60,
											"max": 100
										}
									},
									"minecraft:icon": {
										"texture": "ec_darkzonearmor_helmet"
									},
									"minecraft:render_offsets": "helmets",
									"minecraft:armor": {},
									"minecraft:wearable": {
										"slot": "slot.armor.head",
										"protection": 6
									},
									"minecraft:damage": 5,
									"minecraft:knockback_resistance": {
										"protection": 0.2
									},
									"minecraft:mining_speed": 9
								},
								"data": "1",
								"key": "minecraft:max_stack_size"
							},
							{
								"open": {
									"minecraft:max_stack_size": 1,
									"minecraft:enchantable": {
										"value": 12,
										"slot": "armor_head"
									},
									"minecraft:durability": {
										"max_durability": 570,
										"damage_chance": {
											"min": 60,
											"max": 100
										}
									},
									"minecraft:icon": {
										"texture": "ec_darkzonearmor_helmet"
									},
									"minecraft:render_offsets": "helmets",
									"minecraft:armor": {},
									"minecraft:wearable": {
										"slot": "slot.armor.head",
										"protection": 6
									},
									"minecraft:damage": 5,
									"minecraft:knockback_resistance": {
										"protection": 0.2
									},
									"minecraft:mining_speed": 9
								},
								"key": "minecraft:enchantable",
								"is_minified": true,
								"children": {
									"value": 12,
									"slot": "armor_head"
								}
							},
							{
								"open": {
									"minecraft:max_stack_size": 1,
									"minecraft:enchantable": {
										"value": 12,
										"slot": "armor_head"
									},
									"minecraft:durability": {
										"max_durability": 570,
										"damage_chance": {
											"min": 60,
											"max": 100
										}
									},
									"minecraft:icon": {
										"texture": "ec_darkzonearmor_helmet"
									},
									"minecraft:render_offsets": "helmets",
									"minecraft:armor": {},
									"minecraft:wearable": {
										"slot": "slot.armor.head",
										"protection": 6
									},
									"minecraft:damage": 5,
									"minecraft:knockback_resistance": {
										"protection": 0.2
									},
									"minecraft:mining_speed": 9
								},
								"key": "minecraft:durability",
								"children": [
									{
										"open": {
											"max_durability": 570,
											"damage_chance": {
												"min": 60,
												"max": 100
											}
										},
										"data": "570",
										"key": "max_durability"
									},
									{
										"open": {
											"max_durability": 570,
											"damage_chance": {
												"min": 60,
												"max": 100
											}
										},
										"key": "damage_chance",
										"is_minified": true,
										"children": {
											"min": 60,
											"max": 100
										}
									}
								]
							},
							{
								"open": {
									"minecraft:max_stack_size": 1,
									"minecraft:enchantable": {
										"value": 12,
										"slot": "armor_head"
									},
									"minecraft:durability": {
										"max_durability": 570,
										"damage_chance": {
											"min": 60,
											"max": 100
										}
									},
									"minecraft:icon": {
										"texture": "ec_darkzonearmor_helmet"
									},
									"minecraft:render_offsets": "helmets",
									"minecraft:armor": {},
									"minecraft:wearable": {
										"slot": "slot.armor.head",
										"protection": 6
									},
									"minecraft:damage": 5,
									"minecraft:knockback_resistance": {
										"protection": 0.2
									},
									"minecraft:mining_speed": 9
								},
								"key": "minecraft:icon",
								"is_minified": true,
								"children": {
									"texture": "ec_darkzonearmor_helmet"
								}
							},
							{
								"open": {
									"minecraft:max_stack_size": 1,
									"minecraft:enchantable": {
										"value": 12,
										"slot": "armor_head"
									},
									"minecraft:durability": {
										"max_durability": 570,
										"damage_chance": {
											"min": 60,
											"max": 100
										}
									},
									"minecraft:icon": {
										"texture": "ec_darkzonearmor_helmet"
									},
									"minecraft:render_offsets": "helmets",
									"minecraft:armor": {},
									"minecraft:wearable": {
										"slot": "slot.armor.head",
										"protection": 6
									},
									"minecraft:damage": 5,
									"minecraft:knockback_resistance": {
										"protection": 0.2
									},
									"minecraft:mining_speed": 9
								},
								"data": "helmets",
								"key": "minecraft:render_offsets"
							},
							{
								"open": {
									"minecraft:max_stack_size": 1,
									"minecraft:enchantable": {
										"value": 12,
										"slot": "armor_head"
									},
									"minecraft:durability": {
										"max_durability": 570,
										"damage_chance": {
											"min": 60,
											"max": 100
										}
									},
									"minecraft:icon": {
										"texture": "ec_darkzonearmor_helmet"
									},
									"minecraft:render_offsets": "helmets",
									"minecraft:armor": {},
									"minecraft:wearable": {
										"slot": "slot.armor.head",
										"protection": 6
									},
									"minecraft:damage": 5,
									"minecraft:knockback_resistance": {
										"protection": 0.2
									},
									"minecraft:mining_speed": 9
								},
								"key": "minecraft:armor",
								"is_minified": true,
								"children": {}
							},
							{
								"open": {
									"minecraft:max_stack_size": 1,
									"minecraft:enchantable": {
										"value": 12,
										"slot": "armor_head"
									},
									"minecraft:durability": {
										"max_durability": 570,
										"damage_chance": {
											"min": 60,
											"max": 100
										}
									},
									"minecraft:icon": {
										"texture": "ec_darkzonearmor_helmet"
									},
									"minecraft:render_offsets": "helmets",
									"minecraft:armor": {},
									"minecraft:wearable": {
										"slot": "slot.armor.head",
										"protection": 6
									},
									"minecraft:damage": 5,
									"minecraft:knockback_resistance": {
										"protection": 0.2
									},
									"minecraft:mining_speed": 9
								},
								"key": "minecraft:wearable",
								"is_minified": true,
								"children": {
									"slot": "slot.armor.head",
									"protection": 6
								}
							},
							{
								"data": "5",
								"key": "minecraft:damage"
							},
							{
								"open": {
									"minecraft:max_stack_size": 1,
									"minecraft:enchantable": {
										"value": 12,
										"slot": "armor_head"
									},
									"minecraft:durability": {
										"max_durability": 570,
										"damage_chance": {
											"min": 60,
											"max": 100
										}
									},
									"minecraft:icon": {
										"texture": "ec_darkzonearmor_helmet"
									},
									"minecraft:render_offsets": "helmets",
									"minecraft:armor": {},
									"minecraft:wearable": {
										"slot": "slot.armor.head",
										"protection": 6
									},
									"minecraft:damage": 5,
									"minecraft:knockback_resistance": {
										"protection": 0.2
									},
									"minecraft:mining_speed": 9
								},
								"key": "minecraft:knockback_resistance",
								"is_minified": true,
								"children": {
									"protection": 0.2
								}
							},
							{
								"data": "9",
								"key": "minecraft:mining_speed"
							}
						]
					}
				]
			}
		]
	}
}