{
	"file_path": "C:\\Users\\turtl\\AppData\\Local\\Packages\\Microsoft.MinecraftUWP_8wekyb3d8bbwe\\LocalState\\games\\com.mojang\\development_behavior_packs\\EC4 island pack\\loot_tables\\darkroomzombie.json",
	"file_type": "loot_table",
	"format_version": 1,
	"file_uuid": "d5a21b5d_923d_4959_bb4d_7ea08395ffea",
	"file_version": 2,
	"cache_content": {
		"children": [
			{
				"open": {
					"pools": [
						{
							"rolls": 1,
							"entries": [
								{
									"type": "item",
									"name": "minecraft:rotten_flesh",
									"weight": 1,
									"functions": [
										{
											"function": "set_count",
											"count": {
												"min": 2,
												"max": 6
											}
										},
										{
											"function": "looting_enchant",
											"count": {
												"min": 0,
												"max": 1
											}
										}
									]
								}
							]
						},
						{
							"conditions": [
								{
									"condition": "killed_by_player"
								},
								{
									"condition": "random_chance_with_looting",
									"chance": 0.025,
									"looting_multiplier": 0.02
								}
							],
							"rolls": 1,
							"entries": [
								{
									"type": "item",
									"name": "ec:darkzombieflesh",
									"weight": 1,
									"functions": [
										{
											"function": "set_count",
											"count": {
												"min": 0,
												"max": 1
											}
										}
									]
								}
							]
						}
					]
				},
				"key": "pools",
				"children": [
					{
						"open": [
							{
								"rolls": 1,
								"entries": [
									{
										"type": "item",
										"name": "minecraft:rotten_flesh",
										"weight": 1,
										"functions": [
											{
												"function": "set_count",
												"count": {
													"min": 2,
													"max": 6
												}
											},
											{
												"function": "looting_enchant",
												"count": {
													"min": 0,
													"max": 1
												}
											}
										]
									}
								]
							},
							{
								"conditions": [
									{
										"condition": "killed_by_player"
									},
									{
										"condition": "random_chance_with_looting",
										"chance": 0.025,
										"looting_multiplier": 0.02
									}
								],
								"rolls": 1,
								"entries": [
									{
										"type": "item",
										"name": "ec:darkzombieflesh",
										"weight": 1,
										"functions": [
											{
												"function": "set_count",
												"count": {
													"min": 0,
													"max": 1
												}
											}
										]
									}
								]
							}
						],
						"children": [
							{
								"data": "1",
								"key": "rolls"
							},
							{
								"open": {
									"rolls": 1,
									"entries": [
										{
											"type": "item",
											"name": "minecraft:rotten_flesh",
											"weight": 1,
											"functions": [
												{
													"function": "set_count",
													"count": {
														"min": 2,
														"max": 6
													}
												},
												{
													"function": "looting_enchant",
													"count": {
														"min": 0,
														"max": 1
													}
												}
											]
										}
									]
								},
								"key": "entries",
								"children": [
									{
										"open": [
											{
												"type": "item",
												"name": "minecraft:rotten_flesh",
												"weight": 1,
												"functions": [
													{
														"function": "set_count",
														"count": {
															"min": 2,
															"max": 6
														}
													},
													{
														"function": "looting_enchant",
														"count": {
															"min": 0,
															"max": 1
														}
													}
												]
											}
										],
										"children": [
											{
												"data": "item",
												"key": "type"
											},
											{
												"data": "minecraft:rotten_flesh",
												"key": "name"
											},
											{
												"data": "1",
												"key": "weight"
											},
											{
												"open": {
													"type": "item",
													"name": "minecraft:rotten_flesh",
													"weight": 1,
													"functions": [
														{
															"function": "set_count",
															"count": {
																"min": 2,
																"max": 6
															}
														},
														{
															"function": "looting_enchant",
															"count": {
																"min": 0,
																"max": 1
															}
														}
													]
												},
												"key": "functions",
												"children": [
													{
														"open": [
															{
																"function": "set_count",
																"count": {
																	"min": 2,
																	"max": 6
																}
															},
															{
																"function": "looting_enchant",
																"count": {
																	"min": 0,
																	"max": 1
																}
															}
														],
														"children": [
															{
																"data": "set_count",
																"key": "function"
															},
															{
																"open": {
																	"function": "set_count",
																	"count": {
																		"min": 2,
																		"max": 6
																	}
																},
																"key": "count",
																"is_minified": true,
																"children": {
																	"min": 2,
																	"max": 6
																}
															}
														]
													},
													{
														"open": [
															{
																"function": "set_count",
																"count": {
																	"min": 2,
																	"max": 6
																}
															},
															{
																"function": "looting_enchant",
																"count": {
																	"min": 0,
																	"max": 1
																}
															}
														],
														"children": [
															{
																"data": "looting_enchant",
																"key": "function"
															},
															{
																"open": {
																	"function": "looting_enchant",
																	"count": {
																		"min": 0,
																		"max": 1
																	}
																},
																"key": "count",
																"is_minified": true,
																"children": {
																	"min": 0,
																	"max": 1
																}
															}
														]
													}
												]
											}
										]
									}
								]
							}
						]
					},
					{
						"open": [
							{
								"rolls": 1,
								"entries": [
									{
										"type": "item",
										"name": "minecraft:rotten_flesh",
										"weight": 1,
										"functions": [
											{
												"function": "set_count",
												"count": {
													"min": 2,
													"max": 6
												}
											},
											{
												"function": "looting_enchant",
												"count": {
													"min": 0,
													"max": 1
												}
											}
										]
									}
								]
							},
							{
								"conditions": [
									{
										"condition": "killed_by_player"
									},
									{
										"condition": "random_chance_with_looting",
										"chance": 0.025,
										"looting_multiplier": 0.02
									}
								],
								"rolls": 1,
								"entries": [
									{
										"type": "item",
										"name": "ec:darkzombieflesh",
										"weight": 1,
										"functions": [
											{
												"function": "set_count",
												"count": {
													"min": 0,
													"max": 1
												}
											}
										]
									}
								]
							}
						],
						"children": [
							{
								"open": {
									"conditions": [
										{
											"condition": "killed_by_player"
										},
										{
											"condition": "random_chance_with_looting",
											"chance": 0.025,
											"looting_multiplier": 0.02
										}
									],
									"rolls": 1,
									"entries": [
										{
											"type": "item",
											"name": "ec:darkzombieflesh",
											"weight": 1,
											"functions": [
												{
													"function": "set_count",
													"count": {
														"min": 0,
														"max": 1
													}
												}
											]
										}
									]
								},
								"key": "conditions",
								"children": [
									{
										"open": [
											{
												"condition": "killed_by_player"
											},
											{
												"condition": "random_chance_with_looting",
												"chance": 0.025,
												"looting_multiplier": 0.02
											}
										],
										"is_minified": true,
										"children": {
											"condition": "killed_by_player"
										}
									},
									{
										"open": [
											{
												"condition": "killed_by_player"
											},
											{
												"condition": "random_chance_with_looting",
												"chance": 0.025,
												"looting_multiplier": 0.02
											}
										],
										"is_minified": true,
										"children": {
											"condition": "random_chance_with_looting",
											"chance": 0.025,
											"looting_multiplier": 0.02
										}
									}
								]
							},
							{
								"data": "1",
								"key": "rolls"
							},
							{
								"open": {
									"conditions": [
										{
											"condition": "killed_by_player"
										},
										{
											"condition": "random_chance_with_looting",
											"chance": 0.025,
											"looting_multiplier": 0.02
										}
									],
									"rolls": 1,
									"entries": [
										{
											"type": "item",
											"name": "ec:darkzombieflesh",
											"weight": 1,
											"functions": [
												{
													"function": "set_count",
													"count": {
														"min": 0,
														"max": 1
													}
												}
											]
										}
									]
								},
								"key": "entries",
								"children": [
									{
										"open": [
											{
												"type": "item",
												"name": "ec:darkzombieflesh",
												"weight": 1,
												"functions": [
													{
														"function": "set_count",
														"count": {
															"min": 0,
															"max": 1
														}
													}
												]
											}
										],
										"children": [
											{
												"data": "item",
												"key": "type"
											},
											{
												"data": "ec:darkzombieflesh",
												"key": "name"
											},
											{
												"data": "1",
												"key": "weight"
											},
											{
												"open": {
													"type": "item",
													"name": "ec:darkzombieflesh",
													"weight": 1,
													"functions": [
														{
															"function": "set_count",
															"count": {
																"min": 0,
																"max": 1
															}
														}
													]
												},
												"key": "functions",
												"children": [
													{
														"open": [
															{
																"function": "set_count",
																"count": {
																	"min": 0,
																	"max": 1
																}
															}
														],
														"children": [
															{
																"data": "set_count",
																"key": "function"
															},
															{
																"open": {
																	"function": "set_count",
																	"count": {
																		"min": 0,
																		"max": 1
																	}
																},
																"key": "count",
																"is_minified": true,
																"children": {
																	"min": 0,
																	"max": 1
																}
															}
														]
													}
												]
											}
										]
									}
								]
							}
						]
					}
				]
			}
		]
	}
}