{
  "crafting_arrow": {
    "controls": [
      {
        "quick_crafting@common_buttons.light_glyph_button": {
          "$button_content": "crafting.arrow_icon",
          "$focus_border_size": [
            0,
            0
          ],
          "button_mappings": [
            {
              "from_button_id": "button.menu_select",
              "mapping_type": "pressed",
              "to_button_id": "button.crafting_output_tertiary"
            }
          ],
          "layer": 3,
          "property_bag": {
            "#collection_index": 0,
            "#collection_name": "crafting_output_items"
          },
          "size": [
            18,
            15
          ],
          "type": "button"
        }
      }
    ],
    "texture": "textures/ui/none"
  },
  "crafting_arrow_large": {
    "controls": [
      {
        "quick_crafting@common_buttons.light_glyph_button": {
          "$button_content": "crafting.arrow_large_icon",
          "$focus_border_size": [
            0,
            0
          ],
          "button_mappings": [
            {
              "from_button_id": "button.menu_select",
              "mapping_type": "pressed",
              "to_button_id": "button.crafting_output_tertiary"
            }
          ],
          "layer": 5,
          "property_bag": {
            "#collection_index": 0,
            "#collection_name": "crafting_output_items"
          },
          "size": [
            24,
            18
          ],
          "type": "button"
        }
      }
    ],
    "texture": "textures/ui/none"
  },
  "arrow_icon": {
    "type": "image",
    "texture": "textures/ui/arrow"
  },
  "arrow_large_icon": {
    "type": "image",
    "texture": "textures/ui/arrow_large"
  }
}