{
  "button": {
    "prevent_touch_input": true
  },
  "highlight_slot_panel/highlight": {
    "bindings": [
      {
        "binding_name": "none",
        "binding_name_override": "#visible"
      }
    ]
  },
  "highlight_slot_panel/white_border": {
    "bindings": [
      {
        "binding_name": "none",
        "binding_name_override": "#visible"
      }
    ]
  },
  "inventory_icon_panel/hover_text": {
    "ignored": true
  },
  "slot_selected": {
    "ignored": true
  },
  "selected_item_details/item_panel_image": {
    "visible": false
  },
  "ui_anim_fb": {
    "anim_type": "flip_book",
    "initial_uv": [
      0,
      0
    ],
    "fps": "",
    "reversible": false,
    "easing": "linear",
    "frame_count": "",
    "frame_step": ""
  },
  "mtb@common.button": {
    "controls": [
      {
        "default@mtb_default": {}
      },
      {
        "hover@mtb_hover": {}
      },
      {
        "pressed@mtb_pressed": {}
      }
    ]
  },
  "mtb_default": {
    "type": "image",
    "texture": "textures/ui/mtb_default"
  },
  "mtb_hover": {
    "type": "image",
    "texture": "textures/ui/mtb_hover"
  },
  "mtb_pressed": {
    "type": "image",
    "texture": "textures/ui/mtb_pressed"
  }
}