{
  "format_version": "1.8.0",
  "render_controllers": {
    "controller.render.hitbox": {
      "geometry": "geometry.hitbox",
      "materials": [ { "*": "material.hitbox" } ],
      "textures": [ "texture.default" ],
      "part_visibility":[
        { "*": true },
      	{ "ray": "!variable.rendering3D" },
        { "hat": "!variable.is_first_person" },
        { "leftSleeve": "!variable.is_first_person" },
        { "rightSleeve": "!variable.is_first_person" },
        { "jacket": "!variable.is_first_person" },
        { "leftPants": "!variable.is_first_person" },
        { "rightPants": "variable.is_first_person" }
      ]
    },
    "controller.render.hitbox.first_person": {
      "geometry": "geometry.hitbox",
      "materials": [ { "*": "material.hitbox" } ],
      "textures": [ "texture.default" ],
      "part_visibility": [
        { "*": false },
        { "rightSleeve_0": "query.get_equipped_item_name(0, 1) == '' || query.get_equipped_item_name(0, 1) == 'map' || (query.get_equipped_item_name(0, 1) == 'filled_map') || (query.get_equipped_item_name('off_hand') == 'filled_map' && query.get_equipped_item_name(0, 1) == '')" },
        { "rightSleeve_1": "query.get_equipped_item_name(0, 1) == '' || query.get_equipped_item_name(0, 1) == 'map' || (query.get_equipped_item_name(0, 1) == 'filled_map') || (query.get_equipped_item_name('off_hand') == 'filled_map' && query.get_equipped_item_name(0, 1) == '')" },
        { "rightSleeve_2": "query.get_equipped_item_name(0, 1) == '' || query.get_equipped_item_name(0, 1) == 'map' || (query.get_equipped_item_name(0, 1) == 'filled_map') || (query.get_equipped_item_name('off_hand') == 'filled_map' && query.get_equipped_item_name(0, 1) == '')" },
        { "rightSleeve_3": "query.get_equipped_item_name(0, 1) == '' || query.get_equipped_item_name(0, 1) == 'map' || (query.get_equipped_item_name(0, 1) == 'filled_map') || (query.get_equipped_item_name('off_hand') == 'filled_map' && query.get_equipped_item_name(0, 1) == '')" },
        { "rightSleeve_4": "query.get_equipped_item_name(0, 1) == '' || query.get_equipped_item_name(0, 1) == 'map' || (query.get_equipped_item_name(0, 1) == 'filled_map') || (query.get_equipped_item_name('off_hand') == 'filled_map' && query.get_equipped_item_name(0, 1) == '')" },
        { "rightSleeve_5": "query.get_equipped_item_name(0, 1) == '' || query.get_equipped_item_name(0, 1) == 'map' || (query.get_equipped_item_name(0, 1) == 'filled_map') || (query.get_equipped_item_name('off_hand') == 'filled_map' && query.get_equipped_item_name(0, 1) == '')" },

        { "leftSleeve_0": "(query.get_equipped_item_name(0, 1) == 'map' && query.get_equipped_item_name('off_hand') != 'shield') || (query.get_equipped_item_name('off_hand') == 'map' && !query.item_is_charged) || (!query.item_is_charged && (variable.item_use_normalized > 0 && variable.item_use_normalized < 1.0))" },
        { "leftSleeve_1": "(query.get_equipped_item_name(0, 1) == 'map' && query.get_equipped_item_name('off_hand') != 'shield') || (query.get_equipped_item_name('off_hand') == 'map' && !query.item_is_charged) || (!query.item_is_charged && (variable.item_use_normalized > 0 && variable.item_use_normalized < 1.0))" },
        { "leftSleeve_2": "(query.get_equipped_item_name(0, 1) == 'map' && query.get_equipped_item_name('off_hand') != 'shield') || (query.get_equipped_item_name('off_hand') == 'map' && !query.item_is_charged) || (!query.item_is_charged && (variable.item_use_normalized > 0 && variable.item_use_normalized < 1.0))" },
        { "leftSleeve_3": "(query.get_equipped_item_name(0, 1) == 'map' && query.get_equipped_item_name('off_hand') != 'shield') || (query.get_equipped_item_name('off_hand') == 'map' && !query.item_is_charged) || (!query.item_is_charged && (variable.item_use_normalized > 0 && variable.item_use_normalized < 1.0))" },
        { "leftSleeve_4": "(query.get_equipped_item_name(0, 1) == 'map' && query.get_equipped_item_name('off_hand') != 'shield') || (query.get_equipped_item_name('off_hand') == 'map' && !query.item_is_charged) || (!query.item_is_charged && (variable.item_use_normalized > 0 && variable.item_use_normalized < 1.0))" },
        { "leftSleeve_5": "(query.get_equipped_item_name(0, 1) == 'map' && query.get_equipped_item_name('off_hand') != 'shield') || (query.get_equipped_item_name('off_hand') == 'map' && !query.item_is_charged) || (!query.item_is_charged && (variable.item_use_normalized > 0 && variable.item_use_normalized < 1.0))" },
        { "leftSleeve_0": "(query.get_equipped_item_name('off_hand') == 'filled_map') || (query.get_equipped_item_name(0, 1) == 'filled_map' && (query.get_equipped_item_name('off_hand') == '')) || (query.get_equipped_item_name(0, 1) == 'filled_map' && (query.get_equipped_item_name('off_hand') == 'totem_of_undying')) || (query.get_equipped_item_name(0, 1) == 'filled_map' && (query.get_equipped_item_name('off_hand') == 'arrow')) || (query.get_equipped_item_name(0, 1) == 'filled_map' && (query.get_equipped_item_name('off_hand') == 'firework_rocket')) || (query.get_equipped_item_name(0, 1) == 'filled_map' && (query.get_equipped_item_name('off_hand') == 'nautilus_shell'))" },
        { "leftSleeve_1": "(query.get_equipped_item_name('off_hand') == 'filled_map') || (query.get_equipped_item_name(0, 1) == 'filled_map' && (query.get_equipped_item_name('off_hand') == '')) || (query.get_equipped_item_name(0, 1) == 'filled_map' && (query.get_equipped_item_name('off_hand') == 'totem_of_undying')) || (query.get_equipped_item_name(0, 1) == 'filled_map' && (query.get_equipped_item_name('off_hand') == 'arrow')) || (query.get_equipped_item_name(0, 1) == 'filled_map' && (query.get_equipped_item_name('off_hand') == 'firework_rocket')) || (query.get_equipped_item_name(0, 1) == 'filled_map' && (query.get_equipped_item_name('off_hand') == 'nautilus_shell'))" },
        { "leftSleeve_2": "(query.get_equipped_item_name('off_hand') == 'filled_map') || (query.get_equipped_item_name(0, 1) == 'filled_map' && (query.get_equipped_item_name('off_hand') == '')) || (query.get_equipped_item_name(0, 1) == 'filled_map' && (query.get_equipped_item_name('off_hand') == 'totem_of_undying')) || (query.get_equipped_item_name(0, 1) == 'filled_map' && (query.get_equipped_item_name('off_hand') == 'arrow')) || (query.get_equipped_item_name(0, 1) == 'filled_map' && (query.get_equipped_item_name('off_hand') == 'firework_rocket')) || (query.get_equipped_item_name(0, 1) == 'filled_map' && (query.get_equipped_item_name('off_hand') == 'nautilus_shell'))" },
        { "leftSleeve_3": "(query.get_equipped_item_name('off_hand') == 'filled_map') || (query.get_equipped_item_name(0, 1) == 'filled_map' && (query.get_equipped_item_name('off_hand') == '')) || (query.get_equipped_item_name(0, 1) == 'filled_map' && (query.get_equipped_item_name('off_hand') == 'totem_of_undying')) || (query.get_equipped_item_name(0, 1) == 'filled_map' && (query.get_equipped_item_name('off_hand') == 'arrow')) || (query.get_equipped_item_name(0, 1) == 'filled_map' && (query.get_equipped_item_name('off_hand') == 'firework_rocket')) || (query.get_equipped_item_name(0, 1) == 'filled_map' && (query.get_equipped_item_name('off_hand') == 'nautilus_shell'))" },
        { "leftSleeve_4": "(query.get_equipped_item_name('off_hand') == 'filled_map') || (query.get_equipped_item_name(0, 1) == 'filled_map' && (query.get_equipped_item_name('off_hand') == '')) || (query.get_equipped_item_name(0, 1) == 'filled_map' && (query.get_equipped_item_name('off_hand') == 'totem_of_undying')) || (query.get_equipped_item_name(0, 1) == 'filled_map' && (query.get_equipped_item_name('off_hand') == 'arrow')) || (query.get_equipped_item_name(0, 1) == 'filled_map' && (query.get_equipped_item_name('off_hand') == 'firework_rocket')) || (query.get_equipped_item_name(0, 1) == 'filled_map' && (query.get_equipped_item_name('off_hand') == 'nautilus_shell'))" },
        { "leftSleeve_5": "(query.get_equipped_item_name('off_hand') == 'filled_map') || (query.get_equipped_item_name(0, 1) == 'filled_map' && (query.get_equipped_item_name('off_hand') == '')) || (query.get_equipped_item_name(0, 1) == 'filled_map' && (query.get_equipped_item_name('off_hand') == 'totem_of_undying')) || (query.get_equipped_item_name(0, 1) == 'filled_map' && (query.get_equipped_item_name('off_hand') == 'arrow')) || (query.get_equipped_item_name(0, 1) == 'filled_map' && (query.get_equipped_item_name('off_hand') == 'firework_rocket')) || (query.get_equipped_item_name(0, 1) == 'filled_map' && (query.get_equipped_item_name('off_hand') == 'nautilus_shell'))" }
      ]
    }
  }
}