{"packs":[{"can_be_redownloaded":false,"name":"Dialogue ","uuid":"58620538-a763-8a1e-2b5c-40df2ce946bb","version":[1,0,0]},{"can_be_redownloaded":true,"name":{"bg_BG":"Пакет с опростени текстури","cs_CZ":"Plastové textury","da_DK":"Teksturpakken Plastik","de_DE":"Texturpaket Plastik","el_GR":"Πακέτο πλαστικής υφής","en_GB":"Plastic Texture Pack","en_US":"Plastic Texture Pack","es_ES":"Packs de texturas de plástico","es_MX":"Pack de textura Plástica","fi_FI":"Plastic-tekstuuripaketti","fr_CA":"Pack de textures Plastique","fr_FR":"Pack de textures Plastique","hu_HU":"Műanyag textúracsomag","id_ID":"Paket Tekstur Plastik","it_IT":"Pacchetto di texture Plastica","ja_JP":"プラスチック テクスチャ パック","ko_KR":"플라스틱 텍스처 팩","nb_NO":"Plastteksturpakke","nl_NL":"Plastic-texturepakket","pl_PL":"Zestaw tekstur plastikowych","pt_BR":"Pacote de Texturas de Plástico","pt_PT":"Pack de Texturas de Plástico","ru_RU":"Набор текстур «Пластик»","sk_SK":"Balíček plastických textúr","sv_SE":"Plast-texturpaket","tr_TR":"Plastik Doku Paketi","uk_UA":"Пакет текстур \"Пластик\"","zh_CN":"塑料纹理包","zh_TW":"塑膠材質套件"},"uuid":"123dd57a-226f-4895-a1bc-b3b69d3f44dd","version":[1,0,51]},{"can_be_redownloaded":false,"name":"Milk Shader §l§bv0.5.5§r","uuid":"53d38698-ae88-4347-a7a0-1abae1a8f4c7","version":[0,5,5]}]}
