{
    "format_version": "1.12.0",
    "minecraft:block": {
        "description": {
            "identifier": "green_screen:green_screen",
            "is_experimental": false,
            "register_to_creative_menu": true
        },
        "components": {
            "minecraft:destroy_time": 1,
            "minecraft:explosion_resistance": 12,
	    "minecraft:friction": 0.6,
            "minecraft:block_light_absorption": 0,
            "minecraft:block_light_emission": 0.9
        }
    }
}
