{
	"format_version": "1.16.100",
	"minecraft:block": {
		"description": {
			"identifier": "mcxyz:hg_upgrade"
		},
		
		"components": {
			"minecraft:explosion_resistance": 100000,
			"minecraft:destroy_time": 100000,
			"minecraft:on_interact": {
				"event": "mcxyz:click_hg1",
				"target": "other"
			}
		},
		
		"events": {
			"mcxyz:click_hg1": {
				"run_command": {
					"command": [
						"scoreboard players set @s hg_time_upgrade 3"
					],
					"target": "other"
				}
			}
		}
	}
}