{
	"file_path": "C:\\Users\\aaron\\AppData\\Local\\Packages\\Microsoft.MinecraftUWP_8wekyb3d8bbwe\\LocalState\\games\\com.mojang\\development_behavior_packs\\Toggleable Names\\entities\\player.json",
	"file_type": "entity",
	"format_version": 1,
	"file_uuid": "923f1cd6_783c_422f_8877_937e5075e8fe",
	"file_version": 5,
	"cache_content": {
		"children": [
			{
				"data": "1.16.0",
				"key": "format_version"
			},
			{
				"open": {
					"format_version": "1.16.0",
					"minecraft:entity": {
						"description": {
							"identifier": "minecraft:player",
							"is_spawnable": false,
							"is_summonable": false,
							"is_experimental": false
						},
						"component_groups": {
							"minecraft:add_bad_omen": {
								"minecraft:spell_effects": {
									"add_effects": [
										{
											"effect": "bad_omen",
											"duration": 6000,
											"display_on_screen_animation": true
										}
									]
								},
								"minecraft:timer": {
									"time": [
										0,
										0
									],
									"looping": false,
									"time_down_event": {
										"event": "minecraft:clear_add_bad_omen",
										"target": "self"
									}
								}
							},
							"minecraft:clear_bad_omen_spell_effect": {
								"minecraft:spell_effects": {}
							},
							"minecraft:raid_trigger": {
								"minecraft:raid_trigger": {
									"triggered_event": {
										"event": "minecraft:remove_raid_trigger",
										"target": "self"
									}
								},
								"minecraft:spell_effects": {
									"remove_effects": "bad_omen"
								}
							},
							"name:show": {
								"minecraft:nameable": {
									"always_show": true
								}
							},
							"name:hide": {
								"minecraft:nameable": {
									"always_show": false
								}
							}
						},
						"components": {
							"minecraft:experience_reward": {
								"on_death": "Math.Min(query.player_level * 7, 100)"
							},
							"minecraft:type_family": {
								"family": [
									"player"
								]
							},
							"minecraft:is_hidden_when_invisible": {},
							"minecraft:loot": {
								"table": "loot_tables/empty.json"
							},
							"minecraft:collision_box": {
								"width": 0.6,
								"height": 1.8
							},
							"minecraft:can_climb": {},
							"minecraft:movement": {
								"value": 0.1
							},
							"minecraft:hurt_on_condition": {
								"damage_conditions": [
									{
										"filters": {
											"test": "in_lava",
											"subject": "self",
											"operator": "==",
											"value": true
										},
										"cause": "lava",
										"damage_per_tick": 4
									}
								]
							},
							"minecraft:attack": {
								"damage": 1
							},
							"minecraft:player.saturation": {
								"value": 20
							},
							"minecraft:player.exhaustion": {
								"value": 0,
								"max": 4
							},
							"minecraft:player.level": {
								"value": 0,
								"max": 24791
							},
							"minecraft:player.experience": {
								"value": 0,
								"max": 1
							},
							"minecraft:breathable": {
								"total_supply": 15,
								"suffocate_time": -1,
								"inhale_time": 3.75,
								"generates_bubbles": false
							},
							"minecraft:physics": {},
							"minecraft:pushable": {
								"is_pushable": false,
								"is_pushable_by_piston": true
							},
							"minecraft:insomnia": {
								"days_until_insomnia": 3
							},
							"minecraft:rideable": {
								"seat_count": 2,
								"family_types": [
									"parrot_tame"
								],
								"pull_in_entities": true,
								"seats": [
									{
										"position": [
											0.4,
											-0.2,
											-0.1
										],
										"min_rider_count": 0,
										"max_rider_count": 0,
										"lock_rider_rotation": 0
									},
									{
										"position": [
											-0.4,
											-0.2,
											-0.1
										],
										"min_rider_count": 1,
										"max_rider_count": 2,
										"lock_rider_rotation": 0
									}
								]
							},
							"minecraft:conditional_bandwidth_optimization": {},
							"minecraft:scaffolding_climber": {},
							"minecraft:environment_sensor": {
								"triggers": {
									"filters": {
										"all_of": [
											{
												"test": "has_mob_effect",
												"subject": "self",
												"value": "bad_omen"
											},
											{
												"test": "is_in_village",
												"subject": "self",
												"value": true
											}
										]
									},
									"event": "minecraft:trigger_raid"
								}
							}
						},
						"events": {
							"minecraft:gain_bad_omen": {
								"add": {
									"component_groups": [
										"minecraft:add_bad_omen"
									]
								}
							},
							"minecraft:clear_add_bad_omen": {
								"remove": {
									"component_groups": [
										"minecraft:add_bad_omen"
									]
								},
								"add": {
									"component_groups": [
										"minecraft:clear_bad_omen_spell_effect"
									]
								}
							},
							"minecraft:trigger_raid": {
								"add": {
									"component_groups": [
										"minecraft:raid_trigger"
									]
								}
							},
							"minecraft:remove_raid_trigger": {
								"remove": {
									"component_groups": [
										"minecraft:raid_trigger"
									]
								}
							},
							"name:hide": {
								"add": {
									"component_groups": [
										"name:hide"
									]
								},
								"remove": {
									"component_groups": [
										"name:show"
									]
								}
							},
							"name:show": {
								"add": {
									"component_groups": [
										"name:show"
									]
								},
								"remove": {
									"component_groups": [
										"name:hide"
									]
								}
							}
						}
					}
				},
				"key": "minecraft:entity",
				"children": [
					{
						"key": "description",
						"is_minified": true,
						"children": {
							"identifier": "minecraft:player",
							"is_spawnable": false,
							"is_summonable": false,
							"is_experimental": false
						}
					},
					{
						"open": {
							"description": {
								"identifier": "minecraft:player",
								"is_spawnable": false,
								"is_summonable": false,
								"is_experimental": false
							},
							"component_groups": {
								"minecraft:add_bad_omen": {
									"minecraft:spell_effects": {
										"add_effects": [
											{
												"effect": "bad_omen",
												"duration": 6000,
												"display_on_screen_animation": true
											}
										]
									},
									"minecraft:timer": {
										"time": [
											0,
											0
										],
										"looping": false,
										"time_down_event": {
											"event": "minecraft:clear_add_bad_omen",
											"target": "self"
										}
									}
								},
								"minecraft:clear_bad_omen_spell_effect": {
									"minecraft:spell_effects": {}
								},
								"minecraft:raid_trigger": {
									"minecraft:raid_trigger": {
										"triggered_event": {
											"event": "minecraft:remove_raid_trigger",
											"target": "self"
										}
									},
									"minecraft:spell_effects": {
										"remove_effects": "bad_omen"
									}
								},
								"name:show": {
									"minecraft:nameable": {
										"always_show": true
									}
								},
								"name:hide": {
									"minecraft:nameable": {
										"always_show": false
									}
								}
							},
							"components": {
								"minecraft:experience_reward": {
									"on_death": "Math.Min(query.player_level * 7, 100)"
								},
								"minecraft:type_family": {
									"family": [
										"player"
									]
								},
								"minecraft:is_hidden_when_invisible": {},
								"minecraft:loot": {
									"table": "loot_tables/empty.json"
								},
								"minecraft:collision_box": {
									"width": 0.6,
									"height": 1.8
								},
								"minecraft:can_climb": {},
								"minecraft:movement": {
									"value": 0.1
								},
								"minecraft:hurt_on_condition": {
									"damage_conditions": [
										{
											"filters": {
												"test": "in_lava",
												"subject": "self",
												"operator": "==",
												"value": true
											},
											"cause": "lava",
											"damage_per_tick": 4
										}
									]
								},
								"minecraft:attack": {
									"damage": 1
								},
								"minecraft:player.saturation": {
									"value": 20
								},
								"minecraft:player.exhaustion": {
									"value": 0,
									"max": 4
								},
								"minecraft:player.level": {
									"value": 0,
									"max": 24791
								},
								"minecraft:player.experience": {
									"value": 0,
									"max": 1
								},
								"minecraft:breathable": {
									"total_supply": 15,
									"suffocate_time": -1,
									"inhale_time": 3.75,
									"generates_bubbles": false
								},
								"minecraft:physics": {},
								"minecraft:pushable": {
									"is_pushable": false,
									"is_pushable_by_piston": true
								},
								"minecraft:insomnia": {
									"days_until_insomnia": 3
								},
								"minecraft:rideable": {
									"seat_count": 2,
									"family_types": [
										"parrot_tame"
									],
									"pull_in_entities": true,
									"seats": [
										{
											"position": [
												0.4,
												-0.2,
												-0.1
											],
											"min_rider_count": 0,
											"max_rider_count": 0,
											"lock_rider_rotation": 0
										},
										{
											"position": [
												-0.4,
												-0.2,
												-0.1
											],
											"min_rider_count": 1,
											"max_rider_count": 2,
											"lock_rider_rotation": 0
										}
									]
								},
								"minecraft:conditional_bandwidth_optimization": {},
								"minecraft:scaffolding_climber": {},
								"minecraft:environment_sensor": {
									"triggers": {
										"filters": {
											"all_of": [
												{
													"test": "has_mob_effect",
													"subject": "self",
													"value": "bad_omen"
												},
												{
													"test": "is_in_village",
													"subject": "self",
													"value": true
												}
											]
										},
										"event": "minecraft:trigger_raid"
									}
								}
							},
							"events": {
								"minecraft:gain_bad_omen": {
									"add": {
										"component_groups": [
											"minecraft:add_bad_omen"
										]
									}
								},
								"minecraft:clear_add_bad_omen": {
									"remove": {
										"component_groups": [
											"minecraft:add_bad_omen"
										]
									},
									"add": {
										"component_groups": [
											"minecraft:clear_bad_omen_spell_effect"
										]
									}
								},
								"minecraft:trigger_raid": {
									"add": {
										"component_groups": [
											"minecraft:raid_trigger"
										]
									}
								},
								"minecraft:remove_raid_trigger": {
									"remove": {
										"component_groups": [
											"minecraft:raid_trigger"
										]
									}
								},
								"name:hide": {
									"add": {
										"component_groups": [
											"name:hide"
										]
									},
									"remove": {
										"component_groups": [
											"name:show"
										]
									}
								},
								"name:show": {
									"add": {
										"component_groups": [
											"name:show"
										]
									},
									"remove": {
										"component_groups": [
											"name:hide"
										]
									}
								}
							}
						},
						"key": "component_groups",
						"children": [
							{
								"key": "minecraft:add_bad_omen",
								"is_minified": true,
								"children": {
									"minecraft:spell_effects": {
										"add_effects": [
											{
												"effect": "bad_omen",
												"duration": 6000,
												"display_on_screen_animation": true
											}
										]
									},
									"minecraft:timer": {
										"time": [
											0,
											0
										],
										"looping": false,
										"time_down_event": {
											"event": "minecraft:clear_add_bad_omen",
											"target": "self"
										}
									}
								}
							},
							{
								"key": "minecraft:clear_bad_omen_spell_effect",
								"is_minified": true,
								"children": {
									"minecraft:spell_effects": {}
								}
							},
							{
								"key": "minecraft:raid_trigger",
								"is_minified": true,
								"children": {
									"minecraft:raid_trigger": {
										"triggered_event": {
											"event": "minecraft:remove_raid_trigger",
											"target": "self"
										}
									},
									"minecraft:spell_effects": {
										"remove_effects": "bad_omen"
									}
								}
							},
							{
								"key": "name:show",
								"children": [
									{
										"open": {
											"minecraft:nameable": {
												"always_show": true
											}
										},
										"key": "minecraft:nameable",
										"is_minified": true,
										"children": {
											"always_show": true
										}
									}
								]
							},
							{
								"key": "name:hide",
								"is_minified": true,
								"children": {
									"minecraft:nameable": {
										"always_show": false
									}
								}
							}
						]
					},
					{
						"key": "components",
						"is_minified": true,
						"children": {
							"minecraft:experience_reward": {
								"on_death": "Math.Min(query.player_level * 7, 100)"
							},
							"minecraft:type_family": {
								"family": [
									"player"
								]
							},
							"minecraft:is_hidden_when_invisible": {},
							"minecraft:loot": {
								"table": "loot_tables/empty.json"
							},
							"minecraft:collision_box": {
								"width": 0.6,
								"height": 1.8
							},
							"minecraft:can_climb": {},
							"minecraft:movement": {
								"value": 0.1
							},
							"minecraft:hurt_on_condition": {
								"damage_conditions": [
									{
										"filters": {
											"test": "in_lava",
											"subject": "self",
											"operator": "==",
											"value": true
										},
										"cause": "lava",
										"damage_per_tick": 4
									}
								]
							},
							"minecraft:attack": {
								"damage": 1
							},
							"minecraft:player.saturation": {
								"value": 20
							},
							"minecraft:player.exhaustion": {
								"value": 0,
								"max": 4
							},
							"minecraft:player.level": {
								"value": 0,
								"max": 24791
							},
							"minecraft:player.experience": {
								"value": 0,
								"max": 1
							},
							"minecraft:breathable": {
								"total_supply": 15,
								"suffocate_time": -1,
								"inhale_time": 3.75,
								"generates_bubbles": false
							},
							"minecraft:physics": {},
							"minecraft:pushable": {
								"is_pushable": false,
								"is_pushable_by_piston": true
							},
							"minecraft:insomnia": {
								"days_until_insomnia": 3
							},
							"minecraft:rideable": {
								"seat_count": 2,
								"family_types": [
									"parrot_tame"
								],
								"pull_in_entities": true,
								"seats": [
									{
										"position": [
											0.4,
											-0.2,
											-0.1
										],
										"min_rider_count": 0,
										"max_rider_count": 0,
										"lock_rider_rotation": 0
									},
									{
										"position": [
											-0.4,
											-0.2,
											-0.1
										],
										"min_rider_count": 1,
										"max_rider_count": 2,
										"lock_rider_rotation": 0
									}
								]
							},
							"minecraft:conditional_bandwidth_optimization": {},
							"minecraft:scaffolding_climber": {},
							"minecraft:environment_sensor": {
								"triggers": {
									"filters": {
										"all_of": [
											{
												"test": "has_mob_effect",
												"subject": "self",
												"value": "bad_omen"
											},
											{
												"test": "is_in_village",
												"subject": "self",
												"value": true
											}
										]
									},
									"event": "minecraft:trigger_raid"
								}
							}
						}
					},
					{
						"open": {
							"description": {
								"identifier": "minecraft:player",
								"is_spawnable": false,
								"is_summonable": false,
								"is_experimental": false
							},
							"component_groups": {
								"minecraft:add_bad_omen": {
									"minecraft:spell_effects": {
										"add_effects": [
											{
												"effect": "bad_omen",
												"duration": 6000,
												"display_on_screen_animation": true
											}
										]
									},
									"minecraft:timer": {
										"time": [
											0,
											0
										],
										"looping": false,
										"time_down_event": {
											"event": "minecraft:clear_add_bad_omen",
											"target": "self"
										}
									}
								},
								"minecraft:clear_bad_omen_spell_effect": {
									"minecraft:spell_effects": {}
								},
								"minecraft:raid_trigger": {
									"minecraft:raid_trigger": {
										"triggered_event": {
											"event": "minecraft:remove_raid_trigger",
											"target": "self"
										}
									},
									"minecraft:spell_effects": {
										"remove_effects": "bad_omen"
									}
								},
								"name:show": {
									"minecraft:nameable": {
										"always_show": true
									}
								},
								"name:hide": {
									"minecraft:nameable": {
										"always_show": false
									}
								}
							},
							"components": {
								"minecraft:experience_reward": {
									"on_death": "Math.Min(query.player_level * 7, 100)"
								},
								"minecraft:type_family": {
									"family": [
										"player"
									]
								},
								"minecraft:is_hidden_when_invisible": {},
								"minecraft:loot": {
									"table": "loot_tables/empty.json"
								},
								"minecraft:collision_box": {
									"width": 0.6,
									"height": 1.8
								},
								"minecraft:can_climb": {},
								"minecraft:movement": {
									"value": 0.1
								},
								"minecraft:hurt_on_condition": {
									"damage_conditions": [
										{
											"filters": {
												"test": "in_lava",
												"subject": "self",
												"operator": "==",
												"value": true
											},
											"cause": "lava",
											"damage_per_tick": 4
										}
									]
								},
								"minecraft:attack": {
									"damage": 1
								},
								"minecraft:player.saturation": {
									"value": 20
								},
								"minecraft:player.exhaustion": {
									"value": 0,
									"max": 4
								},
								"minecraft:player.level": {
									"value": 0,
									"max": 24791
								},
								"minecraft:player.experience": {
									"value": 0,
									"max": 1
								},
								"minecraft:breathable": {
									"total_supply": 15,
									"suffocate_time": -1,
									"inhale_time": 3.75,
									"generates_bubbles": false
								},
								"minecraft:physics": {},
								"minecraft:pushable": {
									"is_pushable": false,
									"is_pushable_by_piston": true
								},
								"minecraft:insomnia": {
									"days_until_insomnia": 3
								},
								"minecraft:rideable": {
									"seat_count": 2,
									"family_types": [
										"parrot_tame"
									],
									"pull_in_entities": true,
									"seats": [
										{
											"position": [
												0.4,
												-0.2,
												-0.1
											],
											"min_rider_count": 0,
											"max_rider_count": 0,
											"lock_rider_rotation": 0
										},
										{
											"position": [
												-0.4,
												-0.2,
												-0.1
											],
											"min_rider_count": 1,
											"max_rider_count": 2,
											"lock_rider_rotation": 0
										}
									]
								},
								"minecraft:conditional_bandwidth_optimization": {},
								"minecraft:scaffolding_climber": {},
								"minecraft:environment_sensor": {
									"triggers": {
										"filters": {
											"all_of": [
												{
													"test": "has_mob_effect",
													"subject": "self",
													"value": "bad_omen"
												},
												{
													"test": "is_in_village",
													"subject": "self",
													"value": true
												}
											]
										},
										"event": "minecraft:trigger_raid"
									}
								}
							},
							"events": {
								"minecraft:gain_bad_omen": {
									"add": {
										"component_groups": [
											"minecraft:add_bad_omen"
										]
									}
								},
								"minecraft:clear_add_bad_omen": {
									"remove": {
										"component_groups": [
											"minecraft:add_bad_omen"
										]
									},
									"add": {
										"component_groups": [
											"minecraft:clear_bad_omen_spell_effect"
										]
									}
								},
								"minecraft:trigger_raid": {
									"add": {
										"component_groups": [
											"minecraft:raid_trigger"
										]
									}
								},
								"minecraft:remove_raid_trigger": {
									"remove": {
										"component_groups": [
											"minecraft:raid_trigger"
										]
									}
								},
								"name:hide": {
									"add": {
										"component_groups": [
											"name:hide"
										]
									},
									"remove": {
										"component_groups": [
											"name:show"
										]
									}
								},
								"name:show": {
									"add": {
										"component_groups": [
											"name:show"
										]
									},
									"remove": {
										"component_groups": [
											"name:hide"
										]
									}
								}
							}
						},
						"key": "events",
						"children": [
							{
								"key": "minecraft:gain_bad_omen",
								"is_minified": true,
								"children": {
									"add": {
										"component_groups": [
											"minecraft:add_bad_omen"
										]
									}
								}
							},
							{
								"key": "minecraft:clear_add_bad_omen",
								"is_minified": true,
								"children": {
									"remove": {
										"component_groups": [
											"minecraft:add_bad_omen"
										]
									},
									"add": {
										"component_groups": [
											"minecraft:clear_bad_omen_spell_effect"
										]
									}
								}
							},
							{
								"key": "minecraft:trigger_raid",
								"is_minified": true,
								"children": {
									"add": {
										"component_groups": [
											"minecraft:raid_trigger"
										]
									}
								}
							},
							{
								"key": "minecraft:remove_raid_trigger",
								"is_minified": true,
								"children": {
									"remove": {
										"component_groups": [
											"minecraft:raid_trigger"
										]
									}
								}
							},
							{
								"open": {
									"minecraft:gain_bad_omen": {
										"add": {
											"component_groups": [
												"minecraft:add_bad_omen"
											]
										}
									},
									"minecraft:clear_add_bad_omen": {
										"remove": {
											"component_groups": [
												"minecraft:add_bad_omen"
											]
										},
										"add": {
											"component_groups": [
												"minecraft:clear_bad_omen_spell_effect"
											]
										}
									},
									"minecraft:trigger_raid": {
										"add": {
											"component_groups": [
												"minecraft:raid_trigger"
											]
										}
									},
									"minecraft:remove_raid_trigger": {
										"remove": {
											"component_groups": [
												"minecraft:raid_trigger"
											]
										}
									},
									"name:hide": {
										"add": {
											"component_groups": [
												"name:hide"
											]
										},
										"remove": {
											"component_groups": [
												"name:show"
											]
										}
									},
									"name:show": {
										"add": {
											"component_groups": [
												"name:show"
											]
										},
										"remove": {
											"component_groups": [
												"name:hide"
											]
										}
									}
								},
								"key": "name:hide",
								"children": [
									{
										"open": {
											"add": {
												"component_groups": [
													"name:hide"
												]
											},
											"remove": {
												"component_groups": [
													"name:show"
												]
											}
										},
										"key": "add",
										"children": [
											{
												"open": {
													"component_groups": [
														"name:hide"
													]
												},
												"key": "component_groups",
												"is_minified": true,
												"children": [
													"name:hide"
												]
											}
										]
									},
									{
										"open": {
											"add": {
												"component_groups": [
													"name:hide"
												]
											},
											"remove": {
												"component_groups": [
													"name:show"
												]
											}
										},
										"key": "remove",
										"children": [
											{
												"open": {
													"component_groups": [
														"name:show"
													]
												},
												"key": "component_groups",
												"is_minified": true,
												"children": [
													"name:show"
												]
											}
										]
									}
								]
							},
							{
								"open": {
									"minecraft:gain_bad_omen": {
										"add": {
											"component_groups": [
												"minecraft:add_bad_omen"
											]
										}
									},
									"minecraft:clear_add_bad_omen": {
										"remove": {
											"component_groups": [
												"minecraft:add_bad_omen"
											]
										},
										"add": {
											"component_groups": [
												"minecraft:clear_bad_omen_spell_effect"
											]
										}
									},
									"minecraft:trigger_raid": {
										"add": {
											"component_groups": [
												"minecraft:raid_trigger"
											]
										}
									},
									"minecraft:remove_raid_trigger": {
										"remove": {
											"component_groups": [
												"minecraft:raid_trigger"
											]
										}
									},
									"name:hide": {
										"add": {
											"component_groups": [
												"name:hide"
											]
										},
										"remove": {
											"component_groups": [
												"name:show"
											]
										}
									},
									"name:show": {
										"add": {
											"component_groups": [
												"name:show"
											]
										},
										"remove": {
											"component_groups": [
												"name:hide"
											]
										}
									}
								},
								"key": "name:show",
								"children": [
									{
										"open": {
											"add": {
												"component_groups": [
													"name:show"
												]
											},
											"remove": {
												"component_groups": [
													"name:hide"
												]
											}
										},
										"key": "add",
										"children": [
											{
												"open": {
													"component_groups": [
														"name:show"
													]
												},
												"key": "component_groups",
												"is_minified": true,
												"children": [
													"name:show"
												]
											}
										]
									},
									{
										"open": {
											"add": {
												"component_groups": [
													"name:show"
												]
											},
											"remove": {
												"component_groups": [
													"name:hide"
												]
											}
										},
										"key": "remove",
										"children": [
											{
												"open": {
													"component_groups": [
														"name:hide"
													]
												},
												"key": "component_groups",
												"is_minified": true,
												"children": [
													"name:hide"
												]
											}
										]
									}
								]
							}
						]
					}
				]
			}
		]
	}
}