{
  "format_version": "1.16.100",
  "minecraft:item": {
    "description": {
      "identifier": "mcxyz:deathrun_back",
      "category": "Items"
    },
    "components": {
      "minecraft:hand_equipped": false,
      "minecraft:max_stack_size": 64,
      "minecraft:foil": false,
      "minecraft:icon": {
        "texture": "back"
      },
      "minecraft:cooldown": {
        "category": "3sec",
        "duration": 1
      },
      "minecraft:on_use": {
        "on_use": {
          "event": "on_use_event"
        }
      }
    },
    "events": {
      "on_use_event": {
        "swing": {},
        "run_command": {
          "command": [
            "scoreboard players add \"item_use\" stats 1",
            "execute @s ~~~ function zz_items/deathrun_back"
          ]
        }
      },
      "hurt": {
        "damage": {
          "type": "magic",
          "amount": 1,
          "target": "self"
        }
      }
    }
  }
}