{
  "format_version": "1.16.100",
  "minecraft:item": {
    "description": {
      "identifier": "mcxyz:bw_team_selector",
      "category": "Items"
    },
    "components": {
      "minecraft:hand_equipped": false,
      "minecraft:max_stack_size": 64,
      "minecraft:foil": false,
      "minecraft:icon": {
        "texture": "team_sel"
      },
      "minecraft:cooldown": {
        "category": "blocpartyaa12",
        "duration": 1
      },
      "minecraft:on_use": {
        "on_use": {
          "event": "on_use_event"
        }
      }
    },
    "events": {
      "on_use_event": {
        "swing": {},
        "run_command": {
          "command": [
            "scoreboard players add \"item_use\" stats 1"
          ]
        }
      },
      "hurt": {
        "damage": {
          "type": "magic",
          "amount": 1,
          "target": "self"
        }
      }
    }
  }
}