{"packs":[{"can_be_redownloaded":false,"name":"Alto Shader","uuid":"0575c61f-a5da-4b7f-9961-ffda2908861e","version":[1,0,0]},{"can_be_redownloaded":false,"name":"S3D PACK ","uuid":"8132919d-795c-34ec-b3d1-962a4f9eadd2","version":[1,0,5]},{"can_be_redownloaded":false,"name":"Extremely Realistic Sky","uuid":"c87b3463-336d-476b-9444-d1ebce6159eb","version":[1000,1,0]},{"can_be_redownloaded":false,"name":"Sport Car: Lamborghini- Blue - Resource Pack","uuid":"f444e3e5-e41c-3da5-a0b9-3380989e3c5f","version":[0,0,1]},{"can_be_redownloaded":false,"name":"YAMATO'texture","uuid":"7dc92e7e-d6c2-4b64-b56d-e9c4a2d363ab","version":[1,5,0]},{"can_be_redownloaded":false,"name":"Pixel Perfection V3.6","uuid":"0e6437f3-f03e-4180-aea8-5e50d027ea7a","version":[3,6,1]},{"can_be_redownloaded":false,"name":"EVO Shader Mod (Version 1.1) Standard","uuid":"43fb5a24-59b0-3bdd-870b-d68d89af8a75","version":[1,1,0]},{"can_be_redownloaded":false,"name":"FSPE V9.1","uuid":"455d1398-d5d1-45db-825c-e3736e7fc28e","version":[0,0,1]},{"can_be_redownloaded":false,"name":"SDGPE Shaders","uuid":"637cd9af-076c-4222-8182-e807bc41004a","version":[0,0,3]},{"can_be_redownloaded":false,"name":"§l§eCreeper Shaders PE","uuid":"0656c21d-c65e-4b3f-9661-fcda2808861e","version":[0,1,0]},{"can_be_redownloaded":false,"name":"WinterCraft","uuid":"a9397338-e692-11e7-80c1-9a214cf093ae","version":[2,0,0]},{"can_be_redownloaded":false,"name":"SSPE 14.9.1","uuid":"8d0942c7-1bcb-3793-b1af-7ea45cc35dcf","version":[14,9,1]},{"can_be_redownloaded":false,"name":"EVO Shader V1.1 (SE)","uuid":"4a6af1a6-2126-4f05-be75-bb9f2aecedf2","version":[1,1,1]},{"can_be_redownloaded":true,"name":{"bg_BG":"Актуализация на текстури в Minecraft – Бета версия","cs_CZ":"Aktualizace textur pro Minecraft (beta verze)","da_DK":"Betaopdatering af Minecraft-teksturer","de_DE":"Minecraft Textur-Update Beta","el_GR":"Ενημέρωση υφών Minecraft Beta","en_GB":"Texture Update Pack","en_US":"Texture Update Pack","es_ES":"Actualización de texturas de Minecraft beta","es_MX":"Actualización beta de textura de Minecraft","fi_FI":"Minecraft-tekstuuripäivitys beta","fr_CA":"Bêta de mise à jour de texture Minecraft","fr_FR":"Mise à jour bêta des textures Minecraft","hu_HU":"Minecraft Texture Update béta","id_ID":"Pembaruan Tekstur Minecraft Beta","it_IT":"Aggiornamento beta delle texture di Minecraft","ja_JP":"Minecraft テクスチャ アップデート ベータ","ko_KR":"Minecraft 텍스처 업데이트 베타","nb_NO":"Teksturoppdatering til Minecraft – beta","nl_NL":"Bèta Minecraft Texture Update","pl_PL":"Aktualizacja tekstur Minecraft: wersja beta","pt_BR":"Atualização Beta de Texturas do Minecraft","pt_PT":"Atualização de Texturas Minecraft Beta","ru_RU":"Обновление текстур Minecraft (бета-версия)","sk_SK":"Aktualizácia textúr beta pre Minecraft","sv_SE":"Texturuppgradering beta till Minecraft","tr_TR":"Minecraft Doku Güncellemesi Beta","uk_UA":"Оновлення текстур Minecraft (бета-версія)","zh_CN":"《我的世界》材质更新测试版","zh_TW":"Minecraft 材質更新測試版"},"uuid":"4f3c134c-bf7f-49d3-abc3-28ffd6963768","version":[1,0,5]},{"can_be_redownloaded":false,"name":"Custom Jukebox Music","uuid":"451167b0-c802-11e8-a8d5-f2801f1b9fd1","version":[0,0,1]}]}
