{
	"file_path": "C:\\Users\\turtl\\AppData\\Local\\Packages\\Microsoft.MinecraftUWP_8wekyb3d8bbwe\\LocalState\\games\\com.mojang\\development_behavior_packs\\EC4 island pack\\recipes\\darkzonearmor_chestplate.json",
	"file_type": "recipe",
	"format_version": 1,
	"file_uuid": "d934a25b_6119_43d2_b21b_f3b68187f688",
	"file_version": 0,
	"cache_content": {
		"children": [
			{
				"data": "1.12",
				"key": "format_version"
			},
			{
				"open": {
					"format_version": 1.12,
					"minecraft:recipe_shapeless": {
						"description": {
							"identifier": "ec:darkzonearmor_chestplate"
						},
						"tags": [
							"crafting_table"
						],
						"ingredients": [
							{
								"item": "minecraft:diamond_chestplate"
							},
							{
								"item": "ec:darkzoneore"
							}
						],
						"result": [
							{
								"item": "ec:darkzonearmor_chestplate"
							}
						]
					}
				},
				"key": "minecraft:recipe_shapeless",
				"children": [
					{
						"open": {
							"description": {
								"identifier": "ec:darkzonearmor_chestplate"
							},
							"tags": [
								"crafting_table"
							],
							"ingredients": [
								{
									"item": "minecraft:diamond_chestplate"
								},
								{
									"item": "ec:darkzoneore"
								}
							],
							"result": [
								{
									"item": "ec:darkzonearmor_chestplate"
								}
							]
						},
						"key": "description",
						"is_minified": true,
						"children": {
							"identifier": "ec:darkzonearmor_chestplate"
						}
					},
					{
						"open": {
							"description": {
								"identifier": "ec:darkzonearmor_chestplate"
							},
							"tags": [
								"crafting_table"
							],
							"ingredients": [
								{
									"item": "minecraft:diamond_chestplate"
								},
								{
									"item": "ec:darkzoneore"
								}
							],
							"result": [
								{
									"item": "ec:darkzonearmor_chestplate"
								}
							]
						},
						"key": "tags",
						"is_minified": true,
						"children": [
							"crafting_table"
						]
					},
					{
						"open": {
							"description": {
								"identifier": "ec:darkzonearmor_chestplate"
							},
							"tags": [
								"crafting_table"
							],
							"ingredients": [
								{
									"item": "minecraft:diamond_chestplate"
								},
								{
									"item": "ec:darkzoneore"
								}
							],
							"result": [
								{
									"item": "ec:darkzonearmor_chestplate"
								}
							]
						},
						"key": "ingredients",
						"children": [
							{
								"open": [
									{
										"item": "minecraft:diamond_chestplate"
									},
									{
										"item": "ec:darkzoneore"
									}
								],
								"is_minified": true,
								"children": {
									"item": "minecraft:diamond_chestplate"
								}
							},
							{
								"open": [
									{
										"item": "minecraft:diamond_chestplate"
									},
									{
										"item": "ec:darkzoneore"
									}
								],
								"is_minified": true,
								"children": {
									"item": "ec:darkzoneore"
								}
							}
						]
					},
					{
						"open": {
							"description": {
								"identifier": "ec:darkzonearmor_chestplate"
							},
							"tags": [
								"crafting_table"
							],
							"ingredients": [
								{
									"item": "minecraft:diamond_chestplate"
								},
								{
									"item": "ec:darkzoneore"
								}
							],
							"result": [
								{
									"item": "ec:darkzonearmor_chestplate"
								}
							]
						},
						"key": "result",
						"children": [
							{
								"open": [
									{
										"item": "ec:darkzonearmor_chestplate"
									}
								],
								"is_minified": true,
								"children": {
									"item": "ec:darkzonearmor_chestplate"
								}
							}
						]
					}
				]
			}
		]
	}
}