{
	"file_path": "C:\\Users\\turtl\\AppData\\Local\\Packages\\Microsoft.MinecraftUWP_8wekyb3d8bbwe\\LocalState\\games\\com.mojang\\development_behavior_packs\\EC4 island pack\\recipes\\darkzombieore.json",
	"file_type": "recipe",
	"format_version": 1,
	"file_uuid": "ae262ecc_231c_47d2_990b_b5f5109dfa92",
	"file_version": 0,
	"cache_content": {
		"children": [
			{
				"open": {
					"format_version": "1.16.0",
					"tags": [
						"crafting_table"
					],
					"minecraft:recipe_shaped": {
						"description": {
							"identifier": "ec:darkzombieore"
						},
						"tags": [
							"crafting_table"
						],
						"pattern": [
							"XXX",
							"X#X",
							"XXX"
						],
						"key": {
							"#": {
								"item": "minecraft:netherite_ingot"
							},
							"X": {
								"item": "ec:darkzombieflesh"
							}
						},
						"result": [
							{
								"item": "ec:darkzoneore",
								"count": 1
							}
						]
					}
				},
				"data": "1.16.0",
				"key": "format_version"
			},
			{
				"key": "tags",
				"is_minified": true,
				"children": [
					"crafting_table"
				]
			},
			{
				"open": {
					"format_version": "1.16.0",
					"tags": [
						"crafting_table"
					],
					"minecraft:recipe_shaped": {
						"description": {
							"identifier": "ec:darkzombieore"
						},
						"tags": [
							"crafting_table"
						],
						"pattern": [
							"XXX",
							"X#X",
							"XXX"
						],
						"key": {
							"#": {
								"item": "minecraft:netherite_ingot"
							},
							"X": {
								"item": "ec:darkzombieflesh"
							}
						},
						"result": [
							{
								"item": "ec:darkzoneore",
								"count": 1
							}
						]
					}
				},
				"key": "minecraft:recipe_shaped",
				"children": [
					{
						"key": "description",
						"is_minified": true,
						"children": {
							"identifier": "ec:darkzombieore"
						}
					},
					{
						"key": "tags",
						"is_minified": true,
						"children": [
							"crafting_table"
						]
					},
					{
						"key": "pattern",
						"is_minified": true,
						"children": [
							"XXX",
							"X#X",
							"XXX"
						]
					},
					{
						"key": "key",
						"children": [
							{
								"open": {
									"#": {
										"item": "minecraft:netherite_ingot"
									},
									"X": {
										"item": "ec:darkzombieflesh"
									}
								},
								"key": "#",
								"is_minified": true,
								"children": {
									"item": "minecraft:netherite_ingot"
								}
							},
							{
								"open": {
									"#": {
										"item": "minecraft:netherite_ingot"
									},
									"X": {
										"item": "ec:darkzombieflesh"
									}
								},
								"key": "X",
								"is_minified": true,
								"children": {
									"item": "ec:darkzombieflesh"
								}
							}
						]
					},
					{
						"open": {
							"description": {
								"identifier": "ec:darkzombieore"
							},
							"tags": [
								"crafting_table"
							],
							"pattern": [
								"XXX",
								"X#X",
								"XXX"
							],
							"key": {
								"#": {
									"item": "minecraft:netherite_ingot"
								},
								"X": {
									"item": "ec:darkzombieflesh"
								}
							},
							"result": [
								{
									"item": "ec:darkzoneore",
									"count": 1
								}
							]
						},
						"key": "result",
						"children": [
							{
								"open": [
									{
										"item": "ec:darkzoneore",
										"count": 1
									}
								],
								"is_minified": true,
								"children": {
									"item": "ec:darkzoneore",
									"count": 1
								}
							}
						]
					}
				]
			}
		]
	}
}