{
	"file_path": "C:\\Users\\turtl\\AppData\\Local\\Packages\\Microsoft.MinecraftUWP_8wekyb3d8bbwe\\LocalState\\games\\com.mojang\\development_resource_packs\\EC4 island pack\\textures\\item_texture.json",
	"file_type": "item_texture",
	"format_version": 1,
	"file_uuid": "44e0e1f4_fe2c_4a7c_886f_353f2a024be8",
	"file_version": 1,
	"cache_content": {
		"children": [
			{
				"open": {
					"texture_data": {
						"ec_darkzombieflesh": {
							"textures": [
								"textures/items/darkzombieflesh"
							]
						}
					}
				},
				"key": "texture_data",
				"children": [
					{
						"open": {
							"ec_darkzombieflesh": {
								"textures": [
									"textures/items/darkzombieflesh"
								]
							}
						},
						"key": "ec_darkzombieflesh",
						"children": [
							{
								"open": {
									"textures": [
										"textures/items/darkzombieflesh"
									]
								},
								"key": "textures",
								"is_minified": true,
								"children": [
									"textures/items/darkzombieflesh"
								]
							}
						]
					}
				]
			}
		]
	}
}