{
	"entity_sounds": {
		"entities": {
			"item:shulker": {
				"events": {
					"ambient": "mob.shulker.ambient",
					"death": "mob.shulker.death",
					"hurt": "mob.shulker.hurt",
					"shoot": "mob.shulker.shoot",
					"shulker.close": "mob.shulker.close",
					"shulker.open": "mob.shulker.open"
				},
				"pitch": [0.8, 1.2],
				"volume": 1
			},
			"zombie:basic5": {
				"events": {
					"ambient": "mob.zombie.say",
					"death": "mob.zombie.death",
					"hurt": "mob.zombie.hurt",
					"step": {
						"pitch": 1,
						"sound": "mob.zombie.step",
						"volume": 0.45
					}
				},
				"pitch": [0.8, 1.2],
				"volume": 1
			},
			"zombie:basic4": {
				"events": {
					"ambient": "mob.zombie.say",
					"death": "mob.zombie.death",
					"hurt": "mob.zombie.hurt",
					"step": {
						"pitch": 1,
						"sound": "mob.zombie.step",
						"volume": 0.45
					}
				},
				"pitch": [0.8, 1.2],
				"volume": 1
			},
			"zombie:basic3": {
				"events": {
					"ambient": "mob.zombie.say",
					"death": "mob.zombie.death",
					"hurt": "mob.zombie.hurt",
					"step": {
						"pitch": 1,
						"sound": "mob.zombie.step",
						"volume": 0.45
					}
				},
				"pitch": [0.8, 1.2],
				"volume": 1
			},
			"zombie:basic2": {
				"events": {
					"ambient": "mob.zombie.say",
					"death": "mob.zombie.death",
					"hurt": "mob.zombie.hurt",
					"step": {
						"pitch": 1,
						"sound": "mob.zombie.step",
						"volume": 0.45
					}
				},
				"pitch": [0.8, 1.2],
				"volume": 1
			},
			"zombie:basic": {
				"events": {
					"ambient": "mob.zombie.say",
					"death": "mob.zombie.death",
					"hurt": "mob.zombie.hurt",
					"step": {
						"pitch": 1,
						"sound": "mob.zombie.step",
						"volume": 0.45
					}
				},
				"pitch": [0.8, 1.2],
				"volume": 1
			}
		}
	}
}