{
	"tiers": [
		{
			"groups": [
				{
					"num_to_select": 3,
					"trades": [
						{
							"max_uses": 64,
							"wants": [
								{
									"item": "minecraft:potion:0",
									"quantity": 1
								}
							],
							"gives": [
								{
									"item": "minecraft:potion:9"
								}
							]
						},
						{
							"max_uses": 64,
							"wants": [
								{
									"item": "minecraft:potion:0",
									"quantity": 1
								}
							],
							"gives": [
								{
									"item": "minecraft:potion:11"
								}
							]
						},
						{
							"max_uses": 64,
							"wants": [
								{
									"item": "minecraft:potion:0",
									"quantity": 1
								}
							],
							"gives": [
								{
									"item": "minecraft:potion:14"
								}
							]
						},
						{
							"max_uses": 64,
							"wants": [
								{
									"item": "minecraft:potion:0",
									"quantity": 1
								}
							],
							"gives": [
								{
									"item": "minecraft:potion:16"
								}
							]
						},
						{
							"max_uses": 64,
							"wants": [
								{
									"item": "minecraft:potion:0",
									"quantity": 1
								}
							],
							"gives": [
								{
									"item": "minecraft:potion:21"
								}
							]
						},
						{
							"max_uses": 64,
							"wants": [
								{
									"item": "minecraft:potion:0",
									"quantity": 1
								}
							],
							"gives": [
								{
									"item": "minecraft:potion:22"
								}
							]
						},
						{
							"max_uses": 64,
							"wants": [
								{
									"item": "minecraft:potion:0",
									"quantity": 1
								}
							],
							"gives": [
								{
									"item": "minecraft:potion:28"
								}
							]
						},
						{
							"max_uses": 64,
							"wants": [
								{
									"item": "minecraft:potion:0",
									"quantity": 1
								}
							],
							"gives": [
								{
									"item": "minecraft:potion:30"
								}
							]
						},
						{
							"max_uses": 64,
							"wants": [
								{
									"item": "minecraft:potion:0",
									"quantity": 1
								}
							],
							"gives": [
								{
									"item": "minecraft:potion:31"
								}
							]
						},
						{
							"max_uses": 64,
							"wants": [
								{
									"item": "minecraft:potion:0",
									"quantity": 1
								}
							],
							"gives": [
								{
									"item": "minecraft:potion:33"
								}
							]
						},
						{
							"max_uses": 64,
							"wants": [
								{
									"item": "minecraft:potion:0",
									"quantity": 1
								}
							],
							"gives": [
								{
									"item": "minecraft:potion:37"
								}
							]
						},
						{
							"max_uses": 64,
							"wants": [
								{
									"item": "minecraft:potion:0",
									"quantity": 1
								}
							],
							"gives": [
								{
									"item": "minecraft:potion:39"
								}
							]
						}
								]
							}

					]
				}
	]
}