{
	"tiers": [
		{
			"groups": [
				{
					"num_to_select": 5,
					"trades": [
						{
							"max_uses": 64,
							"wants": [
								{
									"item": "minecraft:stone_sword",
									"quantity": 1
								},
								{
									"item": "minecraft:enchanted_book",
									"quantity": 1
								}
							],
							"gives": [
								{
									"item": "minecraft:stone_sword",
									"functions": [
										{
										  "function": "enchant_with_levels",
										  "treasure": false,
										  "levels": {
											"min": 5,
											"max": 19
										  }
										}
									]
								}
							]
						},
						{
							"max_uses": 64,
							"wants": [
								{
									"item": "minecraft:iron_sword",
									"quantity": 1
								},
								{
									"item": "minecraft:enchanted_book",
									"quantity": 1
								}
							],
							"gives": [
								{
									"item": "minecraft:iron_sword",
									"functions": [
										{
										  "function": "enchant_with_levels",
										  "treasure": false,
										  "levels": {
											"min": 5,
											"max": 19
										  }
										}
									]
								}
							]
						},
						{
							"max_uses": 64,
							"wants": [
								{
									"item": "minecraft:diamond_sword",
									"quantity": 1
								},
								{
									"item": "minecraft:enchanted_book",
									"quantity": 1
								}
							],
							"gives": [
								{
									"item": "minecraft:diamond_sword",
									"functions": [
										{
										  "function": "enchant_with_levels",
										  "treasure": false,
										  "levels": {
											"min": 5,
											"max": 19
										  }
										}
									]
								}
							]
						},
						{
						"max_uses": 64,
							"wants": [
								{
									"item": "minecraft:bow",
									"quantity": 1
								},
								{
									"item": "minecraft:enchanted_book",
									"quantity": 1
								}
							],
							"gives": [
								{
									"item": "minecraft:bow",
									"functions": [
										{
										  "function": "enchant_with_levels",
										  "treasure": false,
										  "levels": {
											"min": 5,
											"max": 19
										  }
										}
									]
								}
							]
						},
						{
							"max_uses": 64,
							"wants": [
								{
									"item": "minecraft:crossbow",
									"quantity": 1
								},
								{
									"item": "minecraft:enchanted_book",
									"quantity": 1
								}
							],
							"gives": [
								{
									"item": "minecraft:crossbow",
									"functions": [
										{
										  "function": "enchant_with_levels",
										  "treasure": false,
										  "levels": {
											"min": 5,
											"max": 19
										  }
										}
									]
								}
							]
						}
								]
							}

					]
				}
	]
}