{
	"tiers": [
		{
			"groups": [
				{
					"num_to_select": 4,
					"trades": [
						{
							"max_uses": 64,
							"wants": [
								{
									"item": "minecraft:stone_sword",
									"quantity": 1
								}
							],
							"gives": [
								{
									"item": "minecraft:iron_ingot"
								}
							]
						},
						{
							"max_uses": 64,
							"wants": [
								{
									"item": "minecraft:iron_sword",
									"quantity": 1
								}
							],
							"gives": [
								{
									"item": "minecraft:diamond"
								}
							]
						},
						{
						"max_uses": 64,
							"wants": [
								{
									"item": "minecraft:iron_ingot",
									"quantity": 4
								}
							],
							"gives": [
								{
									"item": "minecraft:iron_sword"
								}
							]
						},
						{
							"max_uses": 64,
								"wants": [
									{
										"item": "minecraft:diamond",
										"quantity": 4
									}
								],
								"gives": [
									{
										"item": "minecraft:diamond_sword"
									}
								]
							}
						]
						}
					]
				}
	]
}