{
	"format_version": "1.12.0",
	"minecraft:geometry": [
		{
			"description": {
				"identifier": "geometry.kit_selection",
				"texture_width": 194,
				"texture_height": 100,
				"visible_bounds_width": 11,
				"visible_bounds_height": 5,
				"visible_bounds_offset": [0, 1.5, 0]
			},
			"bones": [
				{
					"name": "bb_main",
					"pivot": [-33, 9, -7],
					"cubes": [
						{"origin": [-41, 1, -1], "size": [16, 16, 0], "uv": [1, 51]}
					]
				},
				{
					"name": "root",
					"pivot": [-0.5, 24.5, 0],
					"cubes": [
						{"origin": [-41, 0, 0], "size": [81, 49, 0], "uv": [0, 0]}
					]
				}
			]
		}
	]
}