{
	"format_version": "1.12.0",
	"minecraft:geometry": [
		{
			"description": {
				"identifier": "geometry.shulker",
				"texture_width": 64,
				"texture_height": 64,
				"visible_bounds_width": 3,
				"visible_bounds_height": 3,
				"visible_bounds_offset": [0, 0.5, 0]
			},
			"bones": [
				{
					"name": "base",
					"pivot": [0, 0, 0],
					"cubes": [
						{
							"origin": [-8, 0, -8],
							"size": [16, 8, 16],
							"uv": [0, 28]
						}
					]
				},
				{
					"name": "lid",
					"parent": "base",
					"pivot": [0, 0, 0],
					"cubes": [
						{
							"origin": [-8, 4, -8],
							"size": [16, 12, 16],
							"uv": [0, 0]
						}
					]
				},
				{
					"name": "head",
					"parent": "base",
					"pivot": [0, 12, 0],
					"cubes": [
						{
							"origin": [-3, 6, -3],
							"size": [6, 6, 6],
							"uv": [0, 52]
						}
					]
				}
			]
		}
	]
}