{
	"format_version": "1.12.0",
	"minecraft:geometry": [
		{
			"description": {
				"identifier": "geometry.upgrade_station",
				"texture_width": 64,
				"texture_height": 64,
				"visible_bounds_width": 3,
				"visible_bounds_height": 4,
				"visible_bounds_offset": [0, 1, 0]
			},
			"bones": [
				{
					"name": "root",
					"pivot": [0, 0, 0],
					"cubes": [
						{"origin": [-6, 0, -6], "size": [12, 4, 12], "uv": [8, 44]},
						{"origin": [-5, 4, -4], "size": [10, 1, 8], "uv": [0, 0]},
						{"origin": [-4, 5, -3], "size": [8, 5, 6], "uv": [19, 47]},
						{"origin": [-8, 10, -5], "size": [16, 6, 10], "uv": [1, 18]}
					]
				}
			]
		}
	]
}