{
	"format_version": "1.8.0",
	"minecraft:attachable": {
		"description": {
			"identifier": "armor:ar3prismarine",
			"materials": {
				"default": "armor",
				"enchanted": "armor_enchanted"
			},
			"textures": {
				"default": "textures/models/armor/prismarine/ARIIIPrismarine"
			},
			"geometry": {
				"default": "geometry.player.armor1"
			},
			"scripts": {
				"parent_setup": "variable.chest_layer_visible = 0.0;"
			},
			"render_controllers": ["controller.render.armor"]
		}
	}
}
