[
  {
    "flipbook_texture": "textures/blocks/fire_0",
    "atlas_tile": "fire_0",
    "frames": [ 0, 1, 2, 3, 4, 5, 6, 7, 8, 9, 10, 11, 12, 13, 14, 15 ],
    "blend_frames": false
  },
  {
    "flipbook_texture": "textures/blocks/fire_1",
    "atlas_tile": "fire_1",
    "frames": [ 0, 1, 2, 3, 4, 5, 6, 7, 8, 9, 10, 11, 12, 13, 14, 15 ],
    "blend_frames": false
  },
  {
    "flipbook_texture": "textures/blocks/lava_still",
    "atlas_tile": "still_lava",
    "ticks_per_frame": 16
  },
  {
    "flipbook_texture": "textures/blocks/lava_flow",
    "atlas_tile": "flowing_lava",
    "ticks_per_frame": 10,
    "replicate": 2
  },
  {
    "flipbook_texture": "textures/blocks/kelp_a",
    "atlas_tile": "kelp_a",
    "ticks_per_frame": 2,
    "frames": [ 0, 1, 2, 3, 4, 5, 6, 7, 8, 9 ],
    "blend_frames": false
  },
  {
    "flipbook_texture": "textures/blocks/kelp_b",
    "atlas_tile": "kelp_b",
    "ticks_per_frame": 2,
    "frames": [ 0, 1, 2, 3, 4, 5, 6, 7, 8, 9 ],
    "blend_frames": false
  },
  {
    "flipbook_texture": "textures/blocks/kelp_c",
    "atlas_tile": "kelp_c",
    "ticks_per_frame": 2,
    "frames": [ 0, 1, 2, 3, 4, 5, 6, 7, 8, 9 ],
    "blend_frames": false
  },
  {
    "flipbook_texture": "textures/blocks/kelp_d",
    "atlas_tile": "kelp_d",
    "ticks_per_frame": 2,
    "frames": [ 0, 1, 2, 3, 4, 5, 6, 7, 8, 9 ],
    "blend_frames": false
  },
  {
    "flipbook_texture": "textures/blocks/kelp_top",
    "atlas_tile": "kelp_top",
    "ticks_per_frame": 2,
    "frames": [ 0, 1, 2, 3, 4, 5, 6, 7, 8, 9 ],
    "blend_frames": false
  },
  {
    "flipbook_texture": "textures/blocks/kelp_top_bulb",
    "atlas_tile": "kelp_top_bulb",
    "ticks_per_frame": 2,
    "frames": [ 0, 1, 2, 3, 4, 5, 6, 7, 8, 9 ],
    "blend_frames": false
  },
  {
    "flipbook_texture": "textures/blocks/seagrass",
    "atlas_tile": "seagrass_short",
    "ticks_per_frame": 2,
    "frames": [ 0, 1, 2, 3, 4, 5, 6, 7, 8 ],
    "blend_frames": false
  },
  {
    "flipbook_texture": "textures/blocks/seagrass_doubletall_bottom_a",
    "atlas_tile": "seagrass_tall_bot_a",
    "ticks_per_frame": 2,
    "frames": [ 0, 1, 2, 3, 4, 5, 6, 7, 8, 9 ],
    "blend_frames": false
  },
  {
    "flipbook_texture": "textures/blocks/seagrass_doubletall_bottom_b",
    "atlas_tile": "seagrass_tall_bot_b",
    "ticks_per_frame": 2,
    "frames": [ 0, 1, 2, 3, 4, 5, 6, 7, 8, 9 ],
    "blend_frames": false
  },
  {
    "flipbook_texture": "textures/blocks/seagrass_doubletall_top_a",
    "atlas_tile": "seagrass_tall_top_a",
    "ticks_per_frame": 2,
    "frames": [ 0, 1, 2, 3, 4, 5, 6, 7, 8, 9 ],
    "blend_frames": false
  },
  {
    "flipbook_texture": "textures/blocks/seagrass_doubletall_top_b",
    "atlas_tile": "seagrass_tall_top_b",
    "ticks_per_frame": 2,
    "frames": [ 0, 1, 2, 3, 4, 5, 6, 7, 8, 9 ],
    "blend_frames": false
  },
  {
    "flipbook_texture": "textures/blocks/campfire",
    "atlas_tile": "campfire_fire",
    "ticks_per_frame": 2,
    "blend_frames": false
  },
  {
    "flipbook_texture": "textures/blocks/soul_campfire",
    "atlas_tile": "soul_campfire_fire",
    "ticks_per_frame": 2,
    "blend_frames": false
  },
  {
    "flipbook_texture": "textures/blocks/soul_fire_0",
    "atlas_tile": "soul_fire_0",
    "frames": [ 0, 1, 2, 3, 4, 5, 6, 7, 8, 9, 10, 11, 12, 13, 14, 15 ],
    "blend_frames": false
  },
  {
    "flipbook_texture": "textures/blocks/soul_fire_1",
    "atlas_tile": "soul_fire_1",
    "frames": [ 0, 1, 2, 3, 4, 5, 6, 7, 8, 9, 10, 11, 12, 13, 14, 15 ],
    "blend_frames": false
  },
  {
    "flipbook_texture": "textures/blocks/respawn_anchor_top",
    "atlas_tile": "respawn_anchor_top",
    "atlas_index": 1,
    "atlas_tile_variant": 1,
    "frames": [ 0, 1, 2, 3, 4, 5, 6, 7 ]
  },
  {
    "flipbook_texture": "textures/blocks/respawn_anchor_top",
    "atlas_tile": "respawn_anchor_top",
    "atlas_index": 2,
    "atlas_tile_variant": 2,
    "frames": [ 0, 1, 2, 3, 4, 5, 6, 7 ]
  },
  {
    "flipbook_texture": "textures/blocks/respawn_anchor_top",
    "atlas_tile": "respawn_anchor_top",
    "atlas_index": 3,
    "atlas_tile_variant": 3,
    "frames": [ 0, 1, 2, 3, 4, 5, 6, 7 ]
  },
  {
    "flipbook_texture": "textures/blocks/respawn_anchor_top",
    "atlas_tile": "respawn_anchor_top",
    "atlas_index": 4,
    "atlas_tile_variant": 4,
    "frames": [ 0, 1, 2, 3, 4, 5, 6, 7 ]
  }
]
