{
	"format_version": "1.16.0",
	"minecraft:entity": {
		"description": {
			"identifier": "zombie:basic",
			"is_spawnable": true,
			"is_summonable": true,
			"is_experimental": false
		},
		"component_groups": {
			"minecraft:zombie_baby": {
				"minecraft:experience_reward": {
					"on_death": "query.last_hit_by_player ? 12 + (query.equipment_count * Math.Random(1,3)) : 0"
				},
				"minecraft:is_baby": {},
				"minecraft:scale": {
					"value": 0.5
				},
				"minecraft:movement": {
					"value": 0.35
				}
			},
			"minecraft:zombie_adult": {
				"minecraft:experience_reward": {
					"on_death": "query.last_hit_by_player ? 5 + (query.equipment_count * Math.Random(1,3)) : 0"
				},
				"minecraft:movement": {
					"value": 0.25
				},
				"minecraft:rideable": {
					"seat_count": 1,
					"family_types": ["zombie"],
					"seats": {
						"position": [0, 1.1, -0.35],
						"lock_rider_rotation": 0
					}
				}
			}
		},
		"components": {
			"minecraft:nameable": {},
			"minecraft:type_family": {
				"family": ["zombie", "undead", "monster", "mob"]
			},
			"minecraft:equip_item": {},
			"minecraft:collision_box": {
				"width": 0.6,
				"height": 1.9
			},
			"minecraft:movement.basic": {},
			"minecraft:navigation.walk": {
				"is_amphibious": false,
				"can_pass_doors": true,
				"can_walk": true,
				"can_break_doors": true
			},
			"minecraft:annotation.break_door": {},
			"minecraft:jump.static": {},
			"minecraft:can_climb": {},
			"minecraft:health": {
				"value": 20,
				"max": 20
			},
			"minecraft:hurt_on_condition": {
				"damage_conditions": [
					{
						"filters": {
							"test": "in_lava",
							"subject": "self",
							"operator": "==",
							"value": true
						},
						"cause": "lava",
						"damage_per_tick": 4
					}
				]
			},
			"minecraft:breathable": {
				"total_supply": 15,
				"suffocate_time": 0,
				"breathes_air": true,
				"breathes_water": true
			},
			"minecraft:attack": {
				"damage": 1
			},
		"minecraft:loot": {
			"table": "loot_tables/entities/BasicZombie.json"
		},
			"minecraft:despawn": {
				"despawn_from_distance": {}
			},
			"minecraft:behavior.melee_attack": {
				"priority": 3
			},
			"minecraft:behavior.look_at_player": {
				"priority": 8,
				"look_distance": 9999,
				"probability": 1
			},
			"minecraft:behavior.random_look_around": {
				"priority": 9
			},
			"minecraft:behavior.hurt_by_target": {
				"priority": 1
			},
			"minecraft:behavior.nearest_attackable_target": {
				"priority": 2,
				"must_see": false,
				"reselect_targets": false,
				"within_radius": 9999,
				"must_see_forget_duration": 9999,
				"entity_types": [
					{
						"filters": {
							"any_of": [
								{
									"test": "is_family",
									"subject": "other",
									"value": "player"
								}
							]
						},
						"max_dist": 9999
					}
				]
			},
			"minecraft:physics": {},
			"minecraft:pushable": {
				"is_pushable": true,
				"is_pushable_by_piston": true
			},
			"minecraft:conditional_bandwidth_optimization": {}
		},
		"events": {
			"minecraft:entity_spawned": {
				"randomize": [
					{
						"weight": 380,
						"remove": {},
						"add": {
							"component_groups": ["minecraft:zombie_adult", "minecraft:can_have_equipment"]
						}
					},
					{
						"weight": 17,
						"remove": {},
						"add": {
							"component_groups": ["minecraft:zombie_baby", "minecraft:can_have_equipment"]
						}
					}
				]
			},
			"minecraft:as_adult": {
				"add": {
					"component_groups": ["minecraft:zombie_adult"]
				}
			},
			"minecraft:as_baby": {
				"add": {
					"component_groups": ["minecraft:zombie_baby"]
				}
			}
					}
			}
		}