{
	"format_version": "1.16.100",
	"minecraft:entity": {
		"description": {
			"identifier": "zombie:brewing_stand_city",
			"is_spawnable": true,
			"is_summonable": true,
			"is_experimental": false
		},
		"component_groups": {
			"managed": {
			  "minecraft:managed_wandering_trader": {}
			},
			"despawning": {
			  "minecraft:type_family": {
				"family": [ "wandering_trader", "wandering_trader_despawning", "mob" ]
			  }
			}
		  },
	  
		  "components": {
			"minecraft:type_family": {
			  "family": [ "wandering_trader", "mob" ]
			},
			"minecraft:economy_trade_table": {
			  "display_name": "Brewing Stand",
			  "table": "trading/economy_trades/BrewingStandcity.json",
			  "new_screen": true
			},
			"minecraft:collision_box": {
			  "width": 1,
			  "height": 1
			},
			"minecraft:movement": {
			  "value": 0
			},
			"minecraft:behavior.trade_with_player": {
			  "priority": 1
			},
			"minecraft:behavior.trade_interest": {
				"priority": 3,
				"within_radius": 6.0,
				"interest_time": 45.0,
				"remove_item_time": 1.0,
				"carried_item_switch_time": 2.0,
				"cooldown": 2.0
			},
			"minecraft:nameable": {
			}
		  },
		  "events": {
		  }
		}
	  }
	  