{
	"format_version": "1.16.0",
	"minecraft:entity": {
		"description": {
			"identifier": "item:shulker",
			"runtime_identifier": "minecraft:shulker",
			"is_spawnable": true,
			"is_summonable": true,
			"is_experimental": false
		},
		"components": {
			
			"minecraft:health": {
				"value": 10,
				"max": 10
			},
			"minecraft:hurt_on_condition": {
				"damage_conditions": [
					{
						"filters": {
							"test": "in_lava",
							"subject": "self",
							"operator": "==",
							"value": true
						},
						"cause": "lava",
						"damage_per_tick": 4
					}
				]
			},
			"minecraft:movement": {
				"value": 0,
				"max": 0
			},
			"minecraft:peek": {
				"on_open": {
					"event": "minecraft:on_open"
				},
				"on_close": {
					"event": "minecraft:on_close"
				},
				"on_target_open": {
					"event": "minecraft:on_open"
				}
			},
			"minecraft:behavior.look_at_player": {
				"priority": 1,
				"look_distance": 6,
				"probability": 0.02
			},
			"minecraft:shooter": {
				"def": "minecraft:shulker_bullet"
			},
			"minecraft:behavior.random_look_around": {
				"priority": 8
			},
			"minecraft:behavior.ranged_attack": {
				"attack_interval_min": 1,
				"attack_interval_max": 3,
				"attack_radius": 15
			},
			"minecraft:behavior.hurt_by_target": {
				"priority": 2
			},
			"minecraft:behavior.nearest_attackable_target": {
				"priority": 3,
				"entity_types": {
					"filters": {
						"test": "is_family",
						"subject": "other",
						"value": "player"
					},
					"max_dist": 16
				},
				"must_see": true
			},
			"minecraft:navigation.walk": {},
			"minecraft:movement.basic": {},
			"minecraft:physics": {}
		},
		"events": {
			"minecraft:entity_spawned": {
				"add": {
					"component_groups": ["minecraft:shulker_undyed"]
				}
		}
	}
}
}