{
  "format_version": "1.16.100",
  "minecraft:item": {
    "description": {
      "identifier": "mcxyz:emerald_small",
      "category": "Items"
    },
    "components": {
      "minecraft:hand_equipped": false,
      "minecraft:max_stack_size": 64,
      "minecraft:foil": true,
      "minecraft:icon": {
        "texture": "emerald_small"
      },
      "minecraft:cooldown": {
        "category": "emerald_item",
        "duration": 1
      },
      "minecraft:on_use": {
        "on_use": {
          "event": "on_use_event"
        }
      }
    },
    "events": {
      "on_use_event": {
        "swing": {},
        "run_command": {
          "command": [
            "scoreboard players add \"item_use\" stats 1",
            "playsound emerald.use @s",
            "titleraw @s actionbar {\"rawtext\":[{\"text\":\"§a§a+10\"}]}",
            "particle mcxyz:blockcrack-emerald ~~1~",
            "scoreboard players add @s minecrafter.xyz 10",
            "clear @s mcxyz:emerald_small 0 1"
          ]
        }
      },
      "hurt": {
        "damage": {
          "type": "magic",
          "amount": 1,
          "target": "self"
        }
      }
    }
  }
}