{
	"format_version": "1.8.0",
	"minecraft:client_entity": {
		"description": {
			"identifier": "zombie:enchantment_table",
			"materials": {
				"default": "wandering_trader"
			},
			"textures": {
				"default": "textures/entity/enchantment_table"
			},
			"geometry": {
				"default": "geometry.enchantment_table"
			},
			"scripts": {
				"scale": "0.9375"
			},
			"animations": {
				"general": "animation.enchantment_table.general",
				"look_at_target": "animation.common.look_at_target",
				"raise_arms": "animation.enchantment_table.raise_arms",
				"move": "animation.enchantment_table.move"
			},
			"animation_controllers": [
				{
					"general": "controller.animation.villager.general"
				},
				{
					"raise_arms": "controller.animation.villager_v2.raise_arms"
				},
				{
					"move": "controller.animation.villager.move"
				}
			],
			"render_controllers": ["controller.render.default"],
			"spawn_egg": {
				"texture": "enchantment_table_spawn_egg"
			}
		}
	}
}