{
	"format_version": "1.8.0",
	"minecraft:client_entity": {
		"description": {
			"identifier": "item:shulker",
			"min_engine_version": "1.8.0",
			"materials": {
				"default": "shulker"
			},
			"textures": {
				"undyed": "textures/entity/shulker/undyed",
				"white": "textures/entity/shulker/white",
				"orange": "textures/entity/shulker/orange",
				"magenta": "textures/entity/shulker/magenta",
				"light_blue": "textures/entity/shulker/light_blue",
				"yellow": "textures/entity/shulker/yellow",
				"lime": "textures/entity/shulker/lime",
				"pink": "textures/entity/shulker/pink",
				"gray": "textures/entity/shulker/gray",
				"silver": "textures/entity/shulker/silver",
				"cyan": "textures/entity/shulker/cyan",
				"purple": "textures/entity/shulker/purple",
				"blue": "textures/entity/shulker/blue",
				"brown": "textures/entity/shulker/brown",
				"green": "textures/entity/shulker/green",
				"red": "textures/entity/shulker/red",
				"black": "textures/entity/shulker/black"
			},
			"geometry": {
				"default": "geometry.shulker"
			},
			"spawn_egg": {
				"texture": "shulker_spawn_egg"
			},
			"scripts": {
				"pre_animation": [
					"variable.Shulker.LidPositionFactor = 180 * (0.5 + variable.Shulker.PeekAmount);",
					"variable.Shulker.LidRotationFactor = -1 + Math.sin(180 * (0.5 + variable.Shulker.PeekAmount));",
					"variable.Shulker.UpFacing = variable.Shulker.FacingDirection == 1;",
					"variable.Shulker.NorthFacing = variable.Shulker.FacingDirection == 2;",
					"variable.Shulker.SouthFacing = variable.Shulker.FacingDirection == 3;",
					"variable.Shulker.WestFacing = variable.Shulker.FacingDirection == 4;",
					"variable.Shulker.EastFacing = variable.Shulker.FacingDirection == 5;",
					"variable.Shulker.XPreRotation = variable.Shulker.UpFacing * 180 + variable.Shulker.NorthFacing * 90 - variable.Shulker.SouthFacing * 90;",
					"variable.Shulker.ZPreRotation = variable.Shulker.NorthFacing * 180 + variable.Shulker.WestFacing * 90 - variable.Shulker.EastFacing * 90;",
					"variable.Shulker.XOffset = -variable.Shulker.WestFacing * 7.99 + variable.Shulker.EastFacing * 7.99;",
					"variable.Shulker.YOffset = variable.Shulker.UpFacing * 16 + variable.Shulker.NorthFacing * 7.99 + variable.Shulker.SouthFacing * 7.99 + variable.Shulker.WestFacing * 7.99 + variable.Shulker.EastFacing * 7.99;",
					"variable.Shulker.ZOffset = variable.Shulker.NorthFacing * 7.99 - variable.Shulker.SouthFacing * 7.99;"
				]
			},
			"animations": {
				"facing": "animation.shulker.facing",
				"move": "animation.shulker.move",
				"look_at_target": "animation.common.look_at_target"
			},
			"animation_controllers": [
				{
					"facing": "controller.animation.shulker.facing"
				},
				{
					"move": "controller.animation.shulker.move"
				}
			],
			"render_controllers": ["controller.render.shulker"]
		}
	}
}