{
	"file_path": "C:\\Users\\turtl\\AppData\\Local\\Packages\\Microsoft.MinecraftUWP_8wekyb3d8bbwe\\LocalState\\games\\com.mojang\\development_resource_packs\\EC4 island pack\\items\\darkzombieflesh.json",
	"file_type": "client_item",
	"format_version": 1,
	"file_uuid": "98e1da31_5bfc_4b21_b0fb_6a971570e02a",
	"file_version": 21,
	"cache_content": {
		"children": [
			{
				"open": {
					"format_version": "1.16.0",
					"minecraft:item": {
						"description": {
							"identifier": "ec:darkzombieflesh",
							"category": "nature"
						},
						"components": {
							"minecraft:icon": {
								"texture": "ec_darkzombieflesh"
							}
						}
					}
				},
				"data": "1.16.0",
				"key": "format_version"
			},
			{
				"open": {
					"format_version": "1.16.0",
					"minecraft:item": {
						"description": {
							"identifier": "ec:darkzombieflesh",
							"category": "nature"
						},
						"components": {
							"minecraft:icon": {
								"texture": "ec_darkzombieflesh"
							}
						}
					}
				},
				"key": "minecraft:item",
				"children": [
					{
						"open": {
							"description": {
								"identifier": "ec:darkzombieflesh",
								"category": "nature"
							},
							"components": {
								"minecraft:icon": {
									"texture": "ec_darkzombieflesh"
								}
							}
						},
						"key": "description",
						"is_minified": true,
						"children": {
							"identifier": "ec:darkzombieflesh",
							"category": "nature"
						}
					},
					{
						"open": {
							"description": {
								"identifier": "ec:darkzombieflesh",
								"category": "nature"
							},
							"components": {
								"minecraft:icon": {
									"texture": "ec_darkzombieflesh"
								}
							}
						},
						"key": "components",
						"children": [
							{
								"open": {
									"minecraft:icon": {
										"texture": "ec_darkzombieflesh"
									}
								},
								"key": "minecraft:icon",
								"is_minified": true,
								"children": {
									"texture": "ec_darkzombieflesh"
								}
							}
						]
					}
				]
			}
		]
	}
}