{ "frames": [
   {
    "filename": "TOUCH-10---fly 0.gif",
    "frame": { "x": 0, "y": 0, "w": 59, "h": 64 },
    "rotated": false,
    "trimmed": false,
    "spriteSourceSize": { "x": 0, "y": 0, "w": 59, "h": 64 },
    "sourceSize": { "w": 59, "h": 64 },
    "duration": 1000
   },
   {
    "filename": "TOUCH-10---fly 1.gif",
    "frame": { "x": 59, "y": 0, "w": 59, "h": 64 },
    "rotated": false,
    "trimmed": false,
    "spriteSourceSize": { "x": 0, "y": 0, "w": 59, "h": 64 },
    "sourceSize": { "w": 59, "h": 64 },
    "duration": 100
   },
   {
    "filename": "TOUCH-10---fly 2.gif",
    "frame": { "x": 118, "y": 0, "w": 59, "h": 64 },
    "rotated": false,
    "trimmed": false,
    "spriteSourceSize": { "x": 0, "y": 0, "w": 59, "h": 64 },
    "sourceSize": { "w": 59, "h": 64 },
    "duration": 100
   },
   {
    "filename": "TOUCH-10---fly 3.gif",
    "frame": { "x": 177, "y": 0, "w": 59, "h": 64 },
    "rotated": false,
    "trimmed": false,
    "spriteSourceSize": { "x": 0, "y": 0, "w": 59, "h": 64 },
    "sourceSize": { "w": 59, "h": 64 },
    "duration": 100
   },
   {
    "filename": "TOUCH-10---fly 4.gif",
    "frame": { "x": 236, "y": 0, "w": 59, "h": 64 },
    "rotated": false,
    "trimmed": false,
    "spriteSourceSize": { "x": 0, "y": 0, "w": 59, "h": 64 },
    "sourceSize": { "w": 59, "h": 64 },
    "duration": 100
   },
   {
    "filename": "TOUCH-10---fly 5.gif",
    "frame": { "x": 295, "y": 0, "w": 59, "h": 64 },
    "rotated": false,
    "trimmed": false,
    "spriteSourceSize": { "x": 0, "y": 0, "w": 59, "h": 64 },
    "sourceSize": { "w": 59, "h": 64 },
    "duration": 100
   },
   {
    "filename": "TOUCH-10---fly 6.gif",
    "frame": { "x": 354, "y": 0, "w": 59, "h": 64 },
    "rotated": false,
    "trimmed": false,
    "spriteSourceSize": { "x": 0, "y": 0, "w": 59, "h": 64 },
    "sourceSize": { "w": 59, "h": 64 },
    "duration": 100
   },
   {
    "filename": "TOUCH-10---fly 7.gif",
    "frame": { "x": 413, "y": 0, "w": 59, "h": 64 },
    "rotated": false,
    "trimmed": false,
    "spriteSourceSize": { "x": 0, "y": 0, "w": 59, "h": 64 },
    "sourceSize": { "w": 59, "h": 64 },
    "duration": 100
   },
   {
    "filename": "TOUCH-10---fly 8.gif",
    "frame": { "x": 472, "y": 0, "w": 59, "h": 64 },
    "rotated": false,
    "trimmed": false,
    "spriteSourceSize": { "x": 0, "y": 0, "w": 59, "h": 64 },
    "sourceSize": { "w": 59, "h": 64 },
    "duration": 100
   },
   {
    "filename": "TOUCH-10---fly 9.gif",
    "frame": { "x": 531, "y": 0, "w": 59, "h": 64 },
    "rotated": false,
    "trimmed": false,
    "spriteSourceSize": { "x": 0, "y": 0, "w": 59, "h": 64 },
    "sourceSize": { "w": 59, "h": 64 },
    "duration": 100
   },
   {
    "filename": "TOUCH-10---fly 10.gif",
    "frame": { "x": 590, "y": 0, "w": 59, "h": 64 },
    "rotated": false,
    "trimmed": false,
    "spriteSourceSize": { "x": 0, "y": 0, "w": 59, "h": 64 },
    "sourceSize": { "w": 59, "h": 64 },
    "duration": 100
   },
   {
    "filename": "TOUCH-10---fly 11.gif",
    "frame": { "x": 649, "y": 0, "w": 59, "h": 64 },
    "rotated": false,
    "trimmed": false,
    "spriteSourceSize": { "x": 0, "y": 0, "w": 59, "h": 64 },
    "sourceSize": { "w": 59, "h": 64 },
    "duration": 100
   },
   {
    "filename": "TOUCH-10---fly 12.gif",
    "frame": { "x": 708, "y": 0, "w": 59, "h": 64 },
    "rotated": false,
    "trimmed": false,
    "spriteSourceSize": { "x": 0, "y": 0, "w": 59, "h": 64 },
    "sourceSize": { "w": 59, "h": 64 },
    "duration": 100
   },
   {
    "filename": "TOUCH-10---fly 13.gif",
    "frame": { "x": 767, "y": 0, "w": 59, "h": 64 },
    "rotated": false,
    "trimmed": false,
    "spriteSourceSize": { "x": 0, "y": 0, "w": 59, "h": 64 },
    "sourceSize": { "w": 59, "h": 64 },
    "duration": 100
   },
   {
    "filename": "TOUCH-10---fly 14.gif",
    "frame": { "x": 826, "y": 0, "w": 59, "h": 64 },
    "rotated": false,
    "trimmed": false,
    "spriteSourceSize": { "x": 0, "y": 0, "w": 59, "h": 64 },
    "sourceSize": { "w": 59, "h": 64 },
    "duration": 100
   },
   {
    "filename": "TOUCH-10---fly 15.gif",
    "frame": { "x": 885, "y": 0, "w": 59, "h": 64 },
    "rotated": false,
    "trimmed": false,
    "spriteSourceSize": { "x": 0, "y": 0, "w": 59, "h": 64 },
    "sourceSize": { "w": 59, "h": 64 },
    "duration": 100
   },
   {
    "filename": "TOUCH-10---fly 16.gif",
    "frame": { "x": 944, "y": 0, "w": 59, "h": 64 },
    "rotated": false,
    "trimmed": false,
    "spriteSourceSize": { "x": 0, "y": 0, "w": 59, "h": 64 },
    "sourceSize": { "w": 59, "h": 64 },
    "duration": 100
   },
   {
    "filename": "TOUCH-10---fly 17.gif",
    "frame": { "x": 1003, "y": 0, "w": 59, "h": 64 },
    "rotated": false,
    "trimmed": false,
    "spriteSourceSize": { "x": 0, "y": 0, "w": 59, "h": 64 },
    "sourceSize": { "w": 59, "h": 64 },
    "duration": 100
   },
   {
    "filename": "TOUCH-10---fly 18.gif",
    "frame": { "x": 1062, "y": 0, "w": 59, "h": 64 },
    "rotated": false,
    "trimmed": false,
    "spriteSourceSize": { "x": 0, "y": 0, "w": 59, "h": 64 },
    "sourceSize": { "w": 59, "h": 64 },
    "duration": 100
   },
   {
    "filename": "TOUCH-10---fly 19.gif",
    "frame": { "x": 1121, "y": 0, "w": 59, "h": 64 },
    "rotated": false,
    "trimmed": false,
    "spriteSourceSize": { "x": 0, "y": 0, "w": 59, "h": 64 },
    "sourceSize": { "w": 59, "h": 64 },
    "duration": 100
   },
   {
    "filename": "TOUCH-10---fly 20.gif",
    "frame": { "x": 1180, "y": 0, "w": 59, "h": 64 },
    "rotated": false,
    "trimmed": false,
    "spriteSourceSize": { "x": 0, "y": 0, "w": 59, "h": 64 },
    "sourceSize": { "w": 59, "h": 64 },
    "duration": 100
   },
   {
    "filename": "TOUCH-10---fly 21.gif",
    "frame": { "x": 1239, "y": 0, "w": 59, "h": 64 },
    "rotated": false,
    "trimmed": false,
    "spriteSourceSize": { "x": 0, "y": 0, "w": 59, "h": 64 },
    "sourceSize": { "w": 59, "h": 64 },
    "duration": 100
   },
   {
    "filename": "TOUCH-10---fly 22.gif",
    "frame": { "x": 1298, "y": 0, "w": 59, "h": 64 },
    "rotated": false,
    "trimmed": false,
    "spriteSourceSize": { "x": 0, "y": 0, "w": 59, "h": 64 },
    "sourceSize": { "w": 59, "h": 64 },
    "duration": 100
   }
 ],
 "meta": {
  "app": "https://www.aseprite.org/",
  "version": "1.2.40-x64",
  "image": "TOUCH-10---fly.png",
  "format": "I8",
  "size": { "w": 1357, "h": 64 },
  "scale": "1",
  "frameTags": [
  ],
  "layers": [
   { "name": "Layer", "opacity": 255, "blendMode": "normal" }
  ],
  "slices": [
  ]
 }
}
