{
  "frames": [
    {
      "filename": "TOUCH-03---hotbar-item 0.gif",
      "frame": {
        "x": 7,
        "y": 0,
        "w": 56,
        "h": 64
      },
      "rotated": false,
      "trimmed": false,
      "spriteSourceSize": {
        "x": 0,
        "y": 0,
        "w": 63,
        "h": 64
      },
      "sourceSize": {
        "w": 63,
        "h": 64
      },
      "duration": 1000
    },
    {
      "filename": "TOUCH-03---hotbar-item 1.gif",
      "frame": {
        "x": 70,
        "y": 0,
        "w": 56,
        "h": 64
      },
      "rotated": false,
      "trimmed": false,
      "spriteSourceSize": {
        "x": 0,
        "y": 0,
        "w": 63,
        "h": 64
      },
      "sourceSize": {
        "w": 63,
        "h": 64
      },
      "duration": 200
    },
    {
      "filename": "TOUCH-03---hotbar-item 2.gif",
      "frame": {
        "x": 133,
        "y": 0,
        "w": 56,
        "h": 64
      },
      "rotated": false,
      "trimmed": false,
      "spriteSourceSize": {
        "x": 0,
        "y": 0,
        "w": 63,
        "h": 64
      },
      "sourceSize": {
        "w": 63,
        "h": 64
      },
      "duration": 100
    },
    {
      "filename": "TOUCH-03---hotbar-item 3.gif",
      "frame": {
        "x": 196,
        "y": 0,
        "w": 56,
        "h": 64
      },
      "rotated": false,
      "trimmed": false,
      "spriteSourceSize": {
        "x": 0,
        "y": 0,
        "w": 63,
        "h": 64
      },
      "sourceSize": {
        "w": 63,
        "h": 64
      },
      "duration": 200
    },
    {
      "filename": "TOUCH-03---hotbar-item 4.gif",
      "frame": {
        "x": 259,
        "y": 0,
        "w": 56,
        "h": 64
      },
      "rotated": false,
      "trimmed": false,
      "spriteSourceSize": {
        "x": 0,
        "y": 0,
        "w": 63,
        "h": 64
      },
      "sourceSize": {
        "w": 63,
        "h": 64
      },
      "duration": 100
    },
    {
      "filename": "TOUCH-03---hotbar-item 5.gif",
      "frame": {
        "x": 322,
        "y": 0,
        "w": 56,
        "h": 64
      },
      "rotated": false,
      "trimmed": false,
      "spriteSourceSize": {
        "x": 0,
        "y": 0,
        "w": 63,
        "h": 64
      },
      "sourceSize": {
        "w": 63,
        "h": 64
      },
      "duration": 100
    },
    {
      "filename": "TOUCH-03---hotbar-item 6.gif",
      "frame": {
        "x": 385,
        "y": 0,
        "w": 56,
        "h": 64
      },
      "rotated": false,
      "trimmed": false,
      "spriteSourceSize": {
        "x": 0,
        "y": 0,
        "w": 63,
        "h": 64
      },
      "sourceSize": {
        "w": 63,
        "h": 64
      },
      "duration": 1000
    }
  ],
  "meta": {
    "app": "https://www.aseprite.org/",
    "version": "1.2.40-x64",
    "image": "TOUCH-03---hotbar-item.png",
    "format": "I8",
    "size": {
      "w": 441,
      "h": 64
    },
    "scale": "1",
    "frameTags": [],
    "layers": [
      {
        "name": "Layer",
        "opacity": 255,
        "blendMode": "normal"
      }
    ],
    "slices": []
  }
}