{
  "frames": [
    {
      "filename": "KB-01---walk-WASD 0.gif",
      "frame": {
        "x": 14,
        "y": 0,
        "w": 70,
        "h": 64
      },
      "rotated": false,
      "trimmed": false,
      "spriteSourceSize": {
        "x": 0,
        "y": 0,
        "w": 84,
        "h": 64
      },
      "sourceSize": {
        "w": 84,
        "h": 64
      },
      "duration": 200
    },
    {
      "filename": "KB-01---walk-WASD 1.gif",
      "frame": {
        "x": 98,
        "y": 0,
        "w": 70,
        "h": 64
      },
      "rotated": false,
      "trimmed": false,
      "spriteSourceSize": {
        "x": 0,
        "y": 0,
        "w": 84,
        "h": 64
      },
      "sourceSize": {
        "w": 84,
        "h": 64
      },
      "duration": 200
    },
    {
      "filename": "KB-01---walk-WASD 2.gif",
      "frame": {
        "x": 182,
        "y": 0,
        "w": 70,
        "h": 64
      },
      "rotated": false,
      "trimmed": false,
      "spriteSourceSize": {
        "x": 0,
        "y": 0,
        "w": 84,
        "h": 64
      },
      "sourceSize": {
        "w": 84,
        "h": 64
      },
      "duration": 200
    },
    {
      "filename": "KB-01---walk-WASD 3.gif",
      "frame": {
        "x": 266,
        "y": 0,
        "w": 70,
        "h": 64
      },
      "rotated": false,
      "trimmed": false,
      "spriteSourceSize": {
        "x": 0,
        "y": 0,
        "w": 84,
        "h": 64
      },
      "sourceSize": {
        "w": 84,
        "h": 64
      },
      "duration": 200
    },
    {
      "filename": "KB-01---walk-WASD 4.gif",
      "frame": {
        "x": 350,
        "y": 0,
        "w": 70,
        "h": 64
      },
      "rotated": false,
      "trimmed": false,
      "spriteSourceSize": {
        "x": 0,
        "y": 0,
        "w": 84,
        "h": 64
      },
      "sourceSize": {
        "w": 84,
        "h": 64
      },
      "duration": 200
    },
    {
      "filename": "KB-01---walk-WASD 5.gif",
      "frame": {
        "x": 434,
        "y": 0,
        "w": 70,
        "h": 64
      },
      "rotated": false,
      "trimmed": false,
      "spriteSourceSize": {
        "x": 0,
        "y": 0,
        "w": 84,
        "h": 64
      },
      "sourceSize": {
        "w": 84,
        "h": 64
      },
      "duration": 200
    }
  ],
  "meta": {
    "app": "https://www.aseprite.org/",
    "version": "1.2.40-x64",
    "image": "KB-01---walk-WASD.png",
    "format": "I8",
    "size": {
      "w": 504,
      "h": 64
    },
    "scale": "1",
    "frameTags": [],
    "layers": [
      {
        "name": "Layer",
        "opacity": 255,
        "blendMode": "normal"
      }
    ],
    "slices": []
  }
}
