{
  "frames": [
    {
      "filename": "KB-04---place-block 0.gif",
      "frame": {
        "x": 4,
        "y": 0,
        "w": 79,
        "h": 64
      },
      "rotated": false,
      "trimmed": false,
      "spriteSourceSize": {
        "x": 0,
        "y": 0,
        "w": 83,
        "h": 64
      },
      "sourceSize": {
        "w": 83,
        "h": 64
      },
      "duration": 1000
    },
    {
      "filename": "KB-04---place-block 1.gif",
      "frame": {
        "x": 87,
        "y": 0,
        "w": 79,
        "h": 64
      },
      "rotated": false,
      "trimmed": false,
      "spriteSourceSize": {
        "x": 0,
        "y": 0,
        "w": 83,
        "h": 64
      },
      "sourceSize": {
        "w": 83,
        "h": 64
      },
      "duration": 100
    },
    {
      "filename": "KB-04---place-block 2.gif",
      "frame": {
        "x": 170,
        "y": 0,
        "w": 79,
        "h": 64
      },
      "rotated": false,
      "trimmed": false,
      "spriteSourceSize": {
        "x": 0,
        "y": 0,
        "w": 83,
        "h": 64
      },
      "sourceSize": {
        "w": 83,
        "h": 64
      },
      "duration": 200
    },
    {
      "filename": "KB-04---place-block 3.gif",
      "frame": {
        "x": 253,
        "y": 0,
        "w": 79,
        "h": 64
      },
      "rotated": false,
      "trimmed": false,
      "spriteSourceSize": {
        "x": 0,
        "y": 0,
        "w": 83,
        "h": 64
      },
      "sourceSize": {
        "w": 83,
        "h": 64
      },
      "duration": 100
    },
    {
      "filename": "KB-04---place-block 4.gif",
      "frame": {
        "x": 336,
        "y": 0,
        "w": 79,
        "h": 64
      },
      "rotated": false,
      "trimmed": false,
      "spriteSourceSize": {
        "x": 0,
        "y": 0,
        "w": 83,
        "h": 64
      },
      "sourceSize": {
        "w": 83,
        "h": 64
      },
      "duration": 100
    },
    {
      "filename": "KB-04---place-block 5.gif",
      "frame": {
        "x": 419,
        "y": 0,
        "w": 79,
        "h": 64
      },
      "rotated": false,
      "trimmed": false,
      "spriteSourceSize": {
        "x": 0,
        "y": 0,
        "w": 83,
        "h": 64
      },
      "sourceSize": {
        "w": 83,
        "h": 64
      },
      "duration": 100
    },
    {
      "filename": "KB-04---place-block 6.gif",
      "frame": {
        "x": 502,
        "y": 0,
        "w": 79,
        "h": 64
      },
      "rotated": false,
      "trimmed": false,
      "spriteSourceSize": {
        "x": 0,
        "y": 0,
        "w": 83,
        "h": 64
      },
      "sourceSize": {
        "w": 83,
        "h": 64
      },
      "duration": 100
    },
    {
      "filename": "KB-04---place-block 7.gif",
      "frame": {
        "x": 585,
        "y": 0,
        "w": 79,
        "h": 64
      },
      "rotated": false,
      "trimmed": false,
      "spriteSourceSize": {
        "x": 0,
        "y": 0,
        "w": 83,
        "h": 64
      },
      "sourceSize": {
        "w": 83,
        "h": 64
      },
      "duration": 100
    },
    {
      "filename": "KB-04---place-block 8.gif",
      "frame": {
        "x": 668,
        "y": 0,
        "w": 79,
        "h": 64
      },
      "rotated": false,
      "trimmed": false,
      "spriteSourceSize": {
        "x": 0,
        "y": 0,
        "w": 83,
        "h": 64
      },
      "sourceSize": {
        "w": 83,
        "h": 64
      },
      "duration": 100
    },
    {
      "filename": "KB-04---place-block 9.gif",
      "frame": {
        "x": 751,
        "y": 0,
        "w": 79,
        "h": 64
      },
      "rotated": false,
      "trimmed": false,
      "spriteSourceSize": {
        "x": 0,
        "y": 0,
        "w": 83,
        "h": 64
      },
      "sourceSize": {
        "w": 83,
        "h": 64
      },
      "duration": 100
    },
    {
      "filename": "KB-04---place-block 10.gif",
      "frame": {
        "x": 834,
        "y": 0,
        "w": 79,
        "h": 64
      },
      "rotated": false,
      "trimmed": false,
      "spriteSourceSize": {
        "x": 0,
        "y": 0,
        "w": 83,
        "h": 64
      },
      "sourceSize": {
        "w": 83,
        "h": 64
      },
      "duration": 1000
    }
  ],
  "meta": {
    "app": "https://www.aseprite.org/",
    "version": "1.2.40-x64",
    "image": "KB-04---place-block.png",
    "format": "I8",
    "size": {
      "w": 913,
      "h": 64
    },
    "scale": "1",
    "frameTags": [],
    "layers": [
      {
        "name": "Layer",
        "opacity": 255,
        "blendMode": "normal"
      }
    ],
    "slices": []
  }
}
