{ "frames": [
   {
    "filename": "KB-09---hold-shift-to-sneak 0.gif",
    "frame": { "x": 0, "y": 0, "w": 66, "h": 64 },
    "rotated": false,
    "trimmed": false,
    "spriteSourceSize": { "x": 0, "y": 0, "w": 66, "h": 64 },
    "sourceSize": { "w": 66, "h": 64 },
    "duration": 1000
   },
   {
    "filename": "KB-09---hold-shift-to-sneak 1.gif",
    "frame": { "x": 66, "y": 0, "w": 66, "h": 64 },
    "rotated": false,
    "trimmed": false,
    "spriteSourceSize": { "x": 0, "y": 0, "w": 66, "h": 64 },
    "sourceSize": { "w": 66, "h": 64 },
    "duration": 100
   },
   {
    "filename": "KB-09---hold-shift-to-sneak 2.gif",
    "frame": { "x": 132, "y": 0, "w": 66, "h": 64 },
    "rotated": false,
    "trimmed": false,
    "spriteSourceSize": { "x": 0, "y": 0, "w": 66, "h": 64 },
    "sourceSize": { "w": 66, "h": 64 },
    "duration": 200
   },
   {
    "filename": "KB-09---hold-shift-to-sneak 3.gif",
    "frame": { "x": 198, "y": 0, "w": 66, "h": 64 },
    "rotated": false,
    "trimmed": false,
    "spriteSourceSize": { "x": 0, "y": 0, "w": 66, "h": 64 },
    "sourceSize": { "w": 66, "h": 64 },
    "duration": 200
   },
   {
    "filename": "KB-09---hold-shift-to-sneak 4.gif",
    "frame": { "x": 264, "y": 0, "w": 66, "h": 64 },
    "rotated": false,
    "trimmed": false,
    "spriteSourceSize": { "x": 0, "y": 0, "w": 66, "h": 64 },
    "sourceSize": { "w": 66, "h": 64 },
    "duration": 200
   },
   {
    "filename": "KB-09---hold-shift-to-sneak 5.gif",
    "frame": { "x": 330, "y": 0, "w": 66, "h": 64 },
    "rotated": false,
    "trimmed": false,
    "spriteSourceSize": { "x": 0, "y": 0, "w": 66, "h": 64 },
    "sourceSize": { "w": 66, "h": 64 },
    "duration": 200
   },
   {
    "filename": "KB-09---hold-shift-to-sneak 6.gif",
    "frame": { "x": 396, "y": 0, "w": 66, "h": 64 },
    "rotated": false,
    "trimmed": false,
    "spriteSourceSize": { "x": 0, "y": 0, "w": 66, "h": 64 },
    "sourceSize": { "w": 66, "h": 64 },
    "duration": 200
   },
   {
    "filename": "KB-09---hold-shift-to-sneak 7.gif",
    "frame": { "x": 462, "y": 0, "w": 66, "h": 64 },
    "rotated": false,
    "trimmed": false,
    "spriteSourceSize": { "x": 0, "y": 0, "w": 66, "h": 64 },
    "sourceSize": { "w": 66, "h": 64 },
    "duration": 200
   },
   {
    "filename": "KB-09---hold-shift-to-sneak 8.gif",
    "frame": { "x": 528, "y": 0, "w": 66, "h": 64 },
    "rotated": false,
    "trimmed": false,
    "spriteSourceSize": { "x": 0, "y": 0, "w": 66, "h": 64 },
    "sourceSize": { "w": 66, "h": 64 },
    "duration": 200
   },
   {
    "filename": "KB-09---hold-shift-to-sneak 9.gif",
    "frame": { "x": 594, "y": 0, "w": 66, "h": 64 },
    "rotated": false,
    "trimmed": false,
    "spriteSourceSize": { "x": 0, "y": 0, "w": 66, "h": 64 },
    "sourceSize": { "w": 66, "h": 64 },
    "duration": 200
   },
   {
    "filename": "KB-09---hold-shift-to-sneak 10.gif",
    "frame": { "x": 660, "y": 0, "w": 66, "h": 64 },
    "rotated": false,
    "trimmed": false,
    "spriteSourceSize": { "x": 0, "y": 0, "w": 66, "h": 64 },
    "sourceSize": { "w": 66, "h": 64 },
    "duration": 200
   },
   {
    "filename": "KB-09---hold-shift-to-sneak 11.gif",
    "frame": { "x": 726, "y": 0, "w": 66, "h": 64 },
    "rotated": false,
    "trimmed": false,
    "spriteSourceSize": { "x": 0, "y": 0, "w": 66, "h": 64 },
    "sourceSize": { "w": 66, "h": 64 },
    "duration": 200
   },
   {
    "filename": "KB-09---hold-shift-to-sneak 12.gif",
    "frame": { "x": 792, "y": 0, "w": 66, "h": 64 },
    "rotated": false,
    "trimmed": false,
    "spriteSourceSize": { "x": 0, "y": 0, "w": 66, "h": 64 },
    "sourceSize": { "w": 66, "h": 64 },
    "duration": 200
   },
   {
    "filename": "KB-09---hold-shift-to-sneak 13.gif",
    "frame": { "x": 858, "y": 0, "w": 66, "h": 64 },
    "rotated": false,
    "trimmed": false,
    "spriteSourceSize": { "x": 0, "y": 0, "w": 66, "h": 64 },
    "sourceSize": { "w": 66, "h": 64 },
    "duration": 200
   },
   {
    "filename": "KB-09---hold-shift-to-sneak 14.gif",
    "frame": { "x": 924, "y": 0, "w": 66, "h": 64 },
    "rotated": false,
    "trimmed": false,
    "spriteSourceSize": { "x": 0, "y": 0, "w": 66, "h": 64 },
    "sourceSize": { "w": 66, "h": 64 },
    "duration": 200
   },
   {
    "filename": "KB-09---hold-shift-to-sneak 15.gif",
    "frame": { "x": 990, "y": 0, "w": 66, "h": 64 },
    "rotated": false,
    "trimmed": false,
    "spriteSourceSize": { "x": 0, "y": 0, "w": 66, "h": 64 },
    "sourceSize": { "w": 66, "h": 64 },
    "duration": 200
   }
 ],
 "meta": {
  "app": "https://www.aseprite.org/",
  "version": "1.2.40-x64",
  "image": "KB-09---hold-shift-to-sneak.png",
  "format": "I8",
  "size": { "w": 1056, "h": 64 },
  "scale": "1",
  "frameTags": [
  ],
  "layers": [
   { "name": "Layer", "opacity": 255, "blendMode": "normal" }
  ],
  "slices": [
  ]
 }
}
