{ "frames": [
   {
    "filename": "TOUCH-07--sneak-animation 0.gif",
    "frame": { "x": 0, "y": 0, "w": 42, "h": 64 },
    "rotated": false,
    "trimmed": false,
    "spriteSourceSize": { "x": 0, "y": 0, "w": 42, "h": 64 },
    "sourceSize": { "w": 42, "h": 64 },
    "duration": 1000
   },
   {
    "filename": "TOUCH-07--sneak-animation 1.gif",
    "frame": { "x": 42, "y": 0, "w": 42, "h": 64 },
    "rotated": false,
    "trimmed": false,
    "spriteSourceSize": { "x": 0, "y": 0, "w": 42, "h": 64 },
    "sourceSize": { "w": 42, "h": 64 },
    "duration": 200
   },
   {
    "filename": "TOUCH-07--sneak-animation 2.gif",
    "frame": { "x": 84, "y": 0, "w": 42, "h": 64 },
    "rotated": false,
    "trimmed": false,
    "spriteSourceSize": { "x": 0, "y": 0, "w": 42, "h": 64 },
    "sourceSize": { "w": 42, "h": 64 },
    "duration": 200
   },
   {
    "filename": "TOUCH-07--sneak-animation 3.gif",
    "frame": { "x": 126, "y": 0, "w": 42, "h": 64 },
    "rotated": false,
    "trimmed": false,
    "spriteSourceSize": { "x": 0, "y": 0, "w": 42, "h": 64 },
    "sourceSize": { "w": 42, "h": 64 },
    "duration": 200
   },
   {
    "filename": "TOUCH-07--sneak-animation 4.gif",
    "frame": { "x": 168, "y": 0, "w": 42, "h": 64 },
    "rotated": false,
    "trimmed": false,
    "spriteSourceSize": { "x": 0, "y": 0, "w": 42, "h": 64 },
    "sourceSize": { "w": 42, "h": 64 },
    "duration": 200
   },
   {
    "filename": "TOUCH-07--sneak-animation 5.gif",
    "frame": { "x": 210, "y": 0, "w": 42, "h": 64 },
    "rotated": false,
    "trimmed": false,
    "spriteSourceSize": { "x": 0, "y": 0, "w": 42, "h": 64 },
    "sourceSize": { "w": 42, "h": 64 },
    "duration": 200
   },
   {
    "filename": "TOUCH-07--sneak-animation 6.gif",
    "frame": { "x": 252, "y": 0, "w": 42, "h": 64 },
    "rotated": false,
    "trimmed": false,
    "spriteSourceSize": { "x": 0, "y": 0, "w": 42, "h": 64 },
    "sourceSize": { "w": 42, "h": 64 },
    "duration": 200
   },
   {
    "filename": "TOUCH-07--sneak-animation 7.gif",
    "frame": { "x": 294, "y": 0, "w": 42, "h": 64 },
    "rotated": false,
    "trimmed": false,
    "spriteSourceSize": { "x": 0, "y": 0, "w": 42, "h": 64 },
    "sourceSize": { "w": 42, "h": 64 },
    "duration": 200
   },
   {
    "filename": "TOUCH-07--sneak-animation 8.gif",
    "frame": { "x": 336, "y": 0, "w": 42, "h": 64 },
    "rotated": false,
    "trimmed": false,
    "spriteSourceSize": { "x": 0, "y": 0, "w": 42, "h": 64 },
    "sourceSize": { "w": 42, "h": 64 },
    "duration": 200
   },
   {
    "filename": "TOUCH-07--sneak-animation 9.gif",
    "frame": { "x": 378, "y": 0, "w": 42, "h": 64 },
    "rotated": false,
    "trimmed": false,
    "spriteSourceSize": { "x": 0, "y": 0, "w": 42, "h": 64 },
    "sourceSize": { "w": 42, "h": 64 },
    "duration": 200
   },
   {
    "filename": "TOUCH-07--sneak-animation 10.gif",
    "frame": { "x": 420, "y": 0, "w": 42, "h": 64 },
    "rotated": false,
    "trimmed": false,
    "spriteSourceSize": { "x": 0, "y": 0, "w": 42, "h": 64 },
    "sourceSize": { "w": 42, "h": 64 },
    "duration": 200
   },
   {
    "filename": "TOUCH-07--sneak-animation 11.gif",
    "frame": { "x": 462, "y": 0, "w": 42, "h": 64 },
    "rotated": false,
    "trimmed": false,
    "spriteSourceSize": { "x": 0, "y": 0, "w": 42, "h": 64 },
    "sourceSize": { "w": 42, "h": 64 },
    "duration": 200
   },
   {
    "filename": "TOUCH-07--sneak-animation 12.gif",
    "frame": { "x": 504, "y": 0, "w": 42, "h": 64 },
    "rotated": false,
    "trimmed": false,
    "spriteSourceSize": { "x": 0, "y": 0, "w": 42, "h": 64 },
    "sourceSize": { "w": 42, "h": 64 },
    "duration": 200
   },
   {
    "filename": "TOUCH-07--sneak-animation 13.gif",
    "frame": { "x": 546, "y": 0, "w": 42, "h": 64 },
    "rotated": false,
    "trimmed": false,
    "spriteSourceSize": { "x": 0, "y": 0, "w": 42, "h": 64 },
    "sourceSize": { "w": 42, "h": 64 },
    "duration": 200
   }
 ],
 "meta": {
  "app": "https://www.aseprite.org/",
  "version": "1.2.40-x64",
  "image": "TOUCH-07--sneak-animation.png",
  "format": "I8",
  "size": { "w": 588, "h": 64 },
  "scale": "1",
  "frameTags": [
  ],
  "layers": [
   { "name": "Layer", "opacity": 255, "blendMode": "normal" }
  ],
  "slices": [
  ]
 }
}
