{ "frames": [
   {
    "filename": "KB-11--stop-fly 0.gif",
    "frame": { "x": 0, "y": 0, "w": 68, "h": 64 },
    "rotated": false,
    "trimmed": false,
    "spriteSourceSize": { "x": 0, "y": 0, "w": 68, "h": 64 },
    "sourceSize": { "w": 68, "h": 64 },
    "duration": 100
   },
   {
    "filename": "KB-11--stop-fly 1.gif",
    "frame": { "x": 68, "y": 0, "w": 68, "h": 64 },
    "rotated": false,
    "trimmed": false,
    "spriteSourceSize": { "x": 0, "y": 0, "w": 68, "h": 64 },
    "sourceSize": { "w": 68, "h": 64 },
    "duration": 100
   },
   {
    "filename": "KB-11--stop-fly 2.gif",
    "frame": { "x": 136, "y": 0, "w": 68, "h": 64 },
    "rotated": false,
    "trimmed": false,
    "spriteSourceSize": { "x": 0, "y": 0, "w": 68, "h": 64 },
    "sourceSize": { "w": 68, "h": 64 },
    "duration": 100
   },
   {
    "filename": "KB-11--stop-fly 3.gif",
    "frame": { "x": 204, "y": 0, "w": 68, "h": 64 },
    "rotated": false,
    "trimmed": false,
    "spriteSourceSize": { "x": 0, "y": 0, "w": 68, "h": 64 },
    "sourceSize": { "w": 68, "h": 64 },
    "duration": 100
   },
   {
    "filename": "KB-11--stop-fly 4.gif",
    "frame": { "x": 272, "y": 0, "w": 68, "h": 64 },
    "rotated": false,
    "trimmed": false,
    "spriteSourceSize": { "x": 0, "y": 0, "w": 68, "h": 64 },
    "sourceSize": { "w": 68, "h": 64 },
    "duration": 100
   },
   {
    "filename": "KB-11--stop-fly 5.gif",
    "frame": { "x": 340, "y": 0, "w": 68, "h": 64 },
    "rotated": false,
    "trimmed": false,
    "spriteSourceSize": { "x": 0, "y": 0, "w": 68, "h": 64 },
    "sourceSize": { "w": 68, "h": 64 },
    "duration": 100
   },
   {
    "filename": "KB-11--stop-fly 6.gif",
    "frame": { "x": 408, "y": 0, "w": 68, "h": 64 },
    "rotated": false,
    "trimmed": false,
    "spriteSourceSize": { "x": 0, "y": 0, "w": 68, "h": 64 },
    "sourceSize": { "w": 68, "h": 64 },
    "duration": 100
   },
   {
    "filename": "KB-11--stop-fly 7.gif",
    "frame": { "x": 476, "y": 0, "w": 68, "h": 64 },
    "rotated": false,
    "trimmed": false,
    "spriteSourceSize": { "x": 0, "y": 0, "w": 68, "h": 64 },
    "sourceSize": { "w": 68, "h": 64 },
    "duration": 100
   },
   {
    "filename": "KB-11--stop-fly 8.gif",
    "frame": { "x": 544, "y": 0, "w": 68, "h": 64 },
    "rotated": false,
    "trimmed": false,
    "spriteSourceSize": { "x": 0, "y": 0, "w": 68, "h": 64 },
    "sourceSize": { "w": 68, "h": 64 },
    "duration": 100
   },
   {
    "filename": "KB-11--stop-fly 9.gif",
    "frame": { "x": 612, "y": 0, "w": 68, "h": 64 },
    "rotated": false,
    "trimmed": false,
    "spriteSourceSize": { "x": 0, "y": 0, "w": 68, "h": 64 },
    "sourceSize": { "w": 68, "h": 64 },
    "duration": 100
   },
   {
    "filename": "KB-11--stop-fly 10.gif",
    "frame": { "x": 680, "y": 0, "w": 68, "h": 64 },
    "rotated": false,
    "trimmed": false,
    "spriteSourceSize": { "x": 0, "y": 0, "w": 68, "h": 64 },
    "sourceSize": { "w": 68, "h": 64 },
    "duration": 100
   },
   {
    "filename": "KB-11--stop-fly 11.gif",
    "frame": { "x": 748, "y": 0, "w": 68, "h": 64 },
    "rotated": false,
    "trimmed": false,
    "spriteSourceSize": { "x": 0, "y": 0, "w": 68, "h": 64 },
    "sourceSize": { "w": 68, "h": 64 },
    "duration": 100
   },
   {
    "filename": "KB-11--stop-fly 12.gif",
    "frame": { "x": 816, "y": 0, "w": 68, "h": 64 },
    "rotated": false,
    "trimmed": false,
    "spriteSourceSize": { "x": 0, "y": 0, "w": 68, "h": 64 },
    "sourceSize": { "w": 68, "h": 64 },
    "duration": 100
   },
   {
    "filename": "KB-11--stop-fly 13.gif",
    "frame": { "x": 884, "y": 0, "w": 68, "h": 64 },
    "rotated": false,
    "trimmed": false,
    "spriteSourceSize": { "x": 0, "y": 0, "w": 68, "h": 64 },
    "sourceSize": { "w": 68, "h": 64 },
    "duration": 100
   },
   {
    "filename": "KB-11--stop-fly 14.gif",
    "frame": { "x": 952, "y": 0, "w": 68, "h": 64 },
    "rotated": false,
    "trimmed": false,
    "spriteSourceSize": { "x": 0, "y": 0, "w": 68, "h": 64 },
    "sourceSize": { "w": 68, "h": 64 },
    "duration": 100
   },
   {
    "filename": "KB-11--stop-fly 15.gif",
    "frame": { "x": 1020, "y": 0, "w": 68, "h": 64 },
    "rotated": false,
    "trimmed": false,
    "spriteSourceSize": { "x": 0, "y": 0, "w": 68, "h": 64 },
    "sourceSize": { "w": 68, "h": 64 },
    "duration": 100
   },
   {
    "filename": "KB-11--stop-fly 16.gif",
    "frame": { "x": 1088, "y": 0, "w": 68, "h": 64 },
    "rotated": false,
    "trimmed": false,
    "spriteSourceSize": { "x": 0, "y": 0, "w": 68, "h": 64 },
    "sourceSize": { "w": 68, "h": 64 },
    "duration": 100
   },
   {
    "filename": "KB-11--stop-fly 17.gif",
    "frame": { "x": 1156, "y": 0, "w": 68, "h": 64 },
    "rotated": false,
    "trimmed": false,
    "spriteSourceSize": { "x": 0, "y": 0, "w": 68, "h": 64 },
    "sourceSize": { "w": 68, "h": 64 },
    "duration": 100
   },
   {
    "filename": "KB-11--stop-fly 18.gif",
    "frame": { "x": 1224, "y": 0, "w": 68, "h": 64 },
    "rotated": false,
    "trimmed": false,
    "spriteSourceSize": { "x": 0, "y": 0, "w": 68, "h": 64 },
    "sourceSize": { "w": 68, "h": 64 },
    "duration": 100
   },
   {
    "filename": "KB-11--stop-fly 19.gif",
    "frame": { "x": 1292, "y": 0, "w": 68, "h": 64 },
    "rotated": false,
    "trimmed": false,
    "spriteSourceSize": { "x": 0, "y": 0, "w": 68, "h": 64 },
    "sourceSize": { "w": 68, "h": 64 },
    "duration": 100
   },
   {
    "filename": "KB-11--stop-fly 20.gif",
    "frame": { "x": 1360, "y": 0, "w": 68, "h": 64 },
    "rotated": false,
    "trimmed": false,
    "spriteSourceSize": { "x": 0, "y": 0, "w": 68, "h": 64 },
    "sourceSize": { "w": 68, "h": 64 },
    "duration": 100
   },
   {
    "filename": "KB-11--stop-fly 21.gif",
    "frame": { "x": 1428, "y": 0, "w": 68, "h": 64 },
    "rotated": false,
    "trimmed": false,
    "spriteSourceSize": { "x": 0, "y": 0, "w": 68, "h": 64 },
    "sourceSize": { "w": 68, "h": 64 },
    "duration": 100
   },
   {
    "filename": "KB-11--stop-fly 22.gif",
    "frame": { "x": 1496, "y": 0, "w": 68, "h": 64 },
    "rotated": false,
    "trimmed": false,
    "spriteSourceSize": { "x": 0, "y": 0, "w": 68, "h": 64 },
    "sourceSize": { "w": 68, "h": 64 },
    "duration": 100
   }
 ],
 "meta": {
  "app": "https://www.aseprite.org/",
  "version": "1.2.40-x64",
  "image": "KB-11--stop-fly.png",
  "format": "I8",
  "size": { "w": 1564, "h": 64 },
  "scale": "1",
  "frameTags": [
  ],
  "layers": [
   { "name": "Layer", "opacity": 255, "blendMode": "normal" }
  ],
  "slices": [
  ]
 }
}
