{ "frames": [
   {
    "filename": "KB-01---swim 0.gif",
    "frame": { "x": 0, "y": 0, "w": 79, "h": 64 },
    "rotated": false,
    "trimmed": false,
    "spriteSourceSize": { "x": 0, "y": 0, "w": 79, "h": 64 },
    "sourceSize": { "w": 79, "h": 64 },
    "duration": 100
   },
   {
    "filename": "KB-01---swim 1.gif",
    "frame": { "x": 79, "y": 0, "w": 79, "h": 64 },
    "rotated": false,
    "trimmed": false,
    "spriteSourceSize": { "x": 0, "y": 0, "w": 79, "h": 64 },
    "sourceSize": { "w": 79, "h": 64 },
    "duration": 100
   },
   {
    "filename": "KB-01---swim 2.gif",
    "frame": { "x": 158, "y": 0, "w": 79, "h": 64 },
    "rotated": false,
    "trimmed": false,
    "spriteSourceSize": { "x": 0, "y": 0, "w": 79, "h": 64 },
    "sourceSize": { "w": 79, "h": 64 },
    "duration": 100
   },
   {
    "filename": "KB-01---swim 3.gif",
    "frame": { "x": 237, "y": 0, "w": 79, "h": 64 },
    "rotated": false,
    "trimmed": false,
    "spriteSourceSize": { "x": 0, "y": 0, "w": 79, "h": 64 },
    "sourceSize": { "w": 79, "h": 64 },
    "duration": 100
   },
   {
    "filename": "KB-01---swim 4.gif",
    "frame": { "x": 316, "y": 0, "w": 79, "h": 64 },
    "rotated": false,
    "trimmed": false,
    "spriteSourceSize": { "x": 0, "y": 0, "w": 79, "h": 64 },
    "sourceSize": { "w": 79, "h": 64 },
    "duration": 100
   },
   {
    "filename": "KB-01---swim 5.gif",
    "frame": { "x": 395, "y": 0, "w": 79, "h": 64 },
    "rotated": false,
    "trimmed": false,
    "spriteSourceSize": { "x": 0, "y": 0, "w": 79, "h": 64 },
    "sourceSize": { "w": 79, "h": 64 },
    "duration": 100
   },
   {
    "filename": "KB-01---swim 6.gif",
    "frame": { "x": 474, "y": 0, "w": 79, "h": 64 },
    "rotated": false,
    "trimmed": false,
    "spriteSourceSize": { "x": 0, "y": 0, "w": 79, "h": 64 },
    "sourceSize": { "w": 79, "h": 64 },
    "duration": 100
   },
   {
    "filename": "KB-01---swim 7.gif",
    "frame": { "x": 553, "y": 0, "w": 79, "h": 64 },
    "rotated": false,
    "trimmed": false,
    "spriteSourceSize": { "x": 0, "y": 0, "w": 79, "h": 64 },
    "sourceSize": { "w": 79, "h": 64 },
    "duration": 100
   },
   {
    "filename": "KB-01---swim 8.gif",
    "frame": { "x": 632, "y": 0, "w": 79, "h": 64 },
    "rotated": false,
    "trimmed": false,
    "spriteSourceSize": { "x": 0, "y": 0, "w": 79, "h": 64 },
    "sourceSize": { "w": 79, "h": 64 },
    "duration": 100
   },
   {
    "filename": "KB-01---swim 9.gif",
    "frame": { "x": 711, "y": 0, "w": 79, "h": 64 },
    "rotated": false,
    "trimmed": false,
    "spriteSourceSize": { "x": 0, "y": 0, "w": 79, "h": 64 },
    "sourceSize": { "w": 79, "h": 64 },
    "duration": 100
   },
   {
    "filename": "KB-01---swim 10.gif",
    "frame": { "x": 790, "y": 0, "w": 79, "h": 64 },
    "rotated": false,
    "trimmed": false,
    "spriteSourceSize": { "x": 0, "y": 0, "w": 79, "h": 64 },
    "sourceSize": { "w": 79, "h": 64 },
    "duration": 100
   },
   {
    "filename": "KB-01---swim 11.gif",
    "frame": { "x": 869, "y": 0, "w": 79, "h": 64 },
    "rotated": false,
    "trimmed": false,
    "spriteSourceSize": { "x": 0, "y": 0, "w": 79, "h": 64 },
    "sourceSize": { "w": 79, "h": 64 },
    "duration": 100
   },
   {
    "filename": "KB-01---swim 12.gif",
    "frame": { "x": 948, "y": 0, "w": 79, "h": 64 },
    "rotated": false,
    "trimmed": false,
    "spriteSourceSize": { "x": 0, "y": 0, "w": 79, "h": 64 },
    "sourceSize": { "w": 79, "h": 64 },
    "duration": 100
   },
   {
    "filename": "KB-01---swim 13.gif",
    "frame": { "x": 1027, "y": 0, "w": 79, "h": 64 },
    "rotated": false,
    "trimmed": false,
    "spriteSourceSize": { "x": 0, "y": 0, "w": 79, "h": 64 },
    "sourceSize": { "w": 79, "h": 64 },
    "duration": 100
   },
   {
    "filename": "KB-01---swim 14.gif",
    "frame": { "x": 1106, "y": 0, "w": 79, "h": 64 },
    "rotated": false,
    "trimmed": false,
    "spriteSourceSize": { "x": 0, "y": 0, "w": 79, "h": 64 },
    "sourceSize": { "w": 79, "h": 64 },
    "duration": 100
   },
   {
    "filename": "KB-01---swim 15.gif",
    "frame": { "x": 1185, "y": 0, "w": 79, "h": 64 },
    "rotated": false,
    "trimmed": false,
    "spriteSourceSize": { "x": 0, "y": 0, "w": 79, "h": 64 },
    "sourceSize": { "w": 79, "h": 64 },
    "duration": 100
   }
 ],
 "meta": {
  "app": "https://www.aseprite.org/",
  "version": "1.2.40-x64",
  "image": "KB-01---swim.png",
  "format": "I8",
  "size": { "w": 1264, "h": 64 },
  "scale": "1",
  "frameTags": [
  ],
  "layers": [
   { "name": "Layer", "opacity": 255, "blendMode": "normal" }
  ],
  "slices": [
  ]
 }
}
