{
	"file_path": "C:\\Users\\turtl\\AppData\\Local\\Packages\\Microsoft.MinecraftUWP_8wekyb3d8bbwe\\LocalState\\games\\com.mojang\\development_resource_packs\\EC4 island pack\\attachables\\darkzonearmor_leggings.json",
	"file_type": "attachable",
	"format_version": 0,
	"cache_content": {
		"format_version": "1.8.0",
		"minecraft:attachable": {
			"description": {
				"identifier": "ec:darkzonearmor_leggings",
				"materials": {
					"default": "armor",
					"enchanted": "armor_enchanted"
				},
				"textures": {
					"default": "textures/models/armor/darkzonearmor_2",
					"enchanted": "textures/misc/enchanted_item_glint"
				},
				"geometry": {
					"default": "geometry.humanoid.armor.leggings"
				},
				"scripts": {
					"parent_setup": "variable.leg_layer_visible = 0.0;"
				},
				"render_controllers": [
					"controller.render.armor"
				]
			}
		}
	},
	"file_uuid": "4cbf1f12_8a88_4fad_bdc5_be40f925770a"
}