{
	"file_path": "C:\\Users\\turtl\\AppData\\Local\\Packages\\Microsoft.MinecraftUWP_8wekyb3d8bbwe\\LocalState\\games\\com.mojang\\development_resource_packs\\EC4 island pack\\attachables\\darkzonearmor_boots.player.json",
	"file_type": "attachable",
	"format_version": 0,
	"cache_content": {
		"format_version": "1.10.0",
		"minecraft:attachable": {
			"description": {
				"identifier": "ec:darkzonearmor_boots.player",
				"item": {
					"ec:darkzonearmor_boots": "query.owner_identifier == 'minecraft:player'"
				},
				"materials": {
					"default": "armor",
					"enchanted": "armor_enchanted"
				},
				"textures": {
					"default": "textures/models/armor/darkzonearmor_1",
					"enchanted": "textures/misc/enchanted_item_glint"
				},
				"geometry": {
					"default": "geometry.player.armor.boots"
				},
				"scripts": {
					"parent_setup": "variable.boot_layer_visible = 0.0;"
				},
				"render_controllers": [
					"controller.render.armor"
				]
			}
		}
	},
	"file_uuid": "faad1b96_45bc_4798_9d91_b6af8a25cda2"
}