{
	"file_path": "C:\\Users\\turtl\\AppData\\Local\\Packages\\Microsoft.MinecraftUWP_8wekyb3d8bbwe\\LocalState\\games\\com.mojang\\development_resource_packs\\EC4 island pack\\attachables\\darkzonearmor_leggings.player.json",
	"file_type": "attachable",
	"format_version": 0,
	"cache_content": {
		"format_version": "1.10.0",
		"minecraft:attachable": {
			"description": {
				"identifier": "ec:darkzonearmor_leggings.player",
				"item": {
					"ec:darkzonearmor_leggings": "query.owner_identifier == 'minecraft:player'"
				},
				"materials": {
					"default": "armor",
					"enchanted": "armor_enchanted"
				},
				"textures": {
					"default": "textures/models/armor/darkzonearmor_2",
					"enchanted": "textures/misc/enchanted_item_glint"
				},
				"geometry": {
					"default": "geometry.player.armor.leggings"
				},
				"scripts": {
					"parent_setup": "variable.leg_layer_visible = 0.0;"
				},
				"render_controllers": [
					"controller.render.armor"
				]
			}
		}
	},
	"file_uuid": "d6696fea_589e_4b5f_a88a_fde5bd9b356c"
}