{
	"file_path": "C:\\Users\\turtl\\AppData\\Local\\Packages\\Microsoft.MinecraftUWP_8wekyb3d8bbwe\\LocalState\\games\\com.mojang\\development_resource_packs\\EC4 island pack\\attachables\\darkzonearmor_helmet.player.json",
	"file_type": "attachable",
	"format_version": 0,
	"cache_content": {
		"format_version": "1.10.0",
		"minecraft:attachable": {
			"description": {
				"identifier": "ec:darkzonearmor_helmet.player",
				"item": {
					"ec:darkzonearmor_helmet": "query.owner_identifier == 'minecraft:player'"
				},
				"materials": {
					"default": "armor",
					"enchanted": "armor_enchanted"
				},
				"textures": {
					"default": "textures/models/armor/darkzonearmor_1",
					"enchanted": "textures/misc/enchanted_item_glint"
				},
				"geometry": {
					"default": "geometry.player.armor.helmet"
				},
				"scripts": {
					"parent_setup": "variable.helmet_layer_visible = 0.0;"
				},
				"render_controllers": [
					"controller.render.armor"
				]
			}
		}
	},
	"file_uuid": "6404b8b1_ec6a_483a_8081_fff16cd5419f"
}