{
	"format_version": "1.16.0",
	"minecraft:block": {
		"description": {
			"identifier": "grass:dark",
			"is_experimental": false,
			"register_to_creative_menu": true
		},
			"components": {
			"minecraft:destroy_time": 1,
			"minecraft:explosion_resistance": 1,
			"minecraft:friction": 0.6,
			"minecraft:flammable": {
				"flame_odds": 0,
				"burn_odds": 0
			},
			"minecraft:map_color": "#FFFFFF",
			"minecraft:block_light_absorption": 0,
			"minecraft:block_light_emission": 0
		}
	}
}