{
	"format_version": "1.8.0",
	"animations": {
		"animation.kit_selection.Basic": {
			"loop": "hold_on_last_frame",
			"animation_length": 100,
			"bones": {
				"bb_main": {
					"rotation": [0, 0, 0],
					"position": [0, 32, 2]
				}
			}
		},
		"animation.kit_selection.Red": {
			"loop": true,
			"animation_length": 5,
			"bones": {
				"bb_main": {
					"position": [32, 15, 0]
				}
			}
		},
		"animation.kit_selection.blue": {
			"loop": "hold_on_last_frame",
			"animation_length": 5,
			"bones": {
				"bb_main": {
					"position": [48, 16, 0]
				}
			}
		}
	}
}